Unnamed: 0,casenum,statenum,vehnum,day,month,year,landuse,age,bodytype,vfatcount,numoccs,modelyr,cellphone_use
70587,116,47,1,29,2,2016,2,23,31,1,1,1995,1
10837,486,13,1,21,5,2015,2,21,14,0,1,2004,1
37898,128,56,2,13,12,2015,2,28,31,0,1,2011,1
62500,230,35,1,22,9,2016,1,45,3,1,1,2009,0
48804,2592,12,1,20,11,2016,1,16,4,1,1,2008,0
44747,3567,6,1,9,11,2016,2,58,4,0,1,1998,1
12736,526,17,1,12,8,2015,1,52,15,1,2,1999,0
61617,26,34,1,2,3,2016,1,24,4,1,1,2002,0
12369,172,17,2,12,4,2015,1,48,4,0,1,2009,0
68533,558,42,2,27,8,2016,1,50,4,0,1,2013,0
54063,65,20,1,27,3,2016,1,76,15,1,1,2007,0
45272,438,8,1,5,10,2016,1,44,31,0,2,2011,1
50242,695,13,2,8,7,2016,1,61,31,1,2,2010,0
26423,931,39,1,23,11,2015,1,68,14,0,1,2006,0
20016,202,29,1,20,3,2015,2,37,20,0,1,2003,1
9331,1948,12,1,5,10,2015,2,31,30,0,1,2003,1
2523,503,5,2,13,11,2015,2,62,15,1,2,2009,0
59904,162,29,1,26,3,2016,1,38,31,1,3,2000,0
34247,2602,48,1,28,10,2015,2,74,2,1,1,2011,0
12207,29,17,1,27,1,2015,2,66,4,1,2,2003,0
51400,180,16,1,10,10,2016,1,32,4,1,1,2001,1
59792,61,29,1,10,2,2016,1,29,6,1,1,2011,1
7094,23,10,1,8,6,2015,1,22,4,1,1,2003,1
78108,360,55,1,3,9,2016,2,32,2,1,3,1995,0
31172,833,47,1,7,12,2015,1,21,31,0,1,1994,1
43028,2080,6,1,13,11,2016,2,34,31,0,1,2014,1
32364,929,48,3,5,5,2015,1,33,4,0,1,2014,0
70541,83,47,1,14,2,2016,1,23,4,1,1,2008,1
51520,55,17,1,12,1,2016,2,19,14,0,1,2002,0
32730,1253,48,1,26,5,2015,1,24,15,1,3,2005,1
12169,187,16,2,30,12,2015,2,36,5,0,1,2015,1
71551,975,47,1,29,12,2016,1,38,3,1,2,1998,1
70983,447,47,2,30,6,2016,2,57,30,1,2,1998,1
9870,2482,12,1,14,12,2015,2,19,4,1,3,2001,1
4580,1757,6,3,3,7,2015,2,26,4,0,1,2010,0
30438,194,47,1,31,3,2015,1,26,4,1,2,1991,1
30236,25,47,3,11,1,2015,1,47,4,0,1,2011,0
29273,217,45,1,16,4,2015,1,28,14,1,4,2004,1
24052,298,37,2,20,2,2015,2,32,31,0,1,2008,1
33109,1593,48,1,17,7,2015,1,19,31,1,1,2001,1
70992,456,47,1,9,5,2016,2,32,31,0,2,2008,1
50005,484,13,1,13,5,2016,1,33,4,1,4,1992,0
2579,40,6,1,12,1,2015,1,64,4,1,2,1998,0
77130,254,53,2,20,7,2016,2,23,4,0,1,2010,0
57912,481,26,1,22,7,2016,1,36,6,1,1,2013,1
40259,156,5,5,13,5,2016,1,54,15,0,2,2007,0
12529,327,17,3,17,6,2015,2,88,14,1,2,2008,0
5435,2510,6,1,12,9,2015,1,26,4,0,1,2005,1
21380,140,32,1,22,4,2015,2,40,15,0,1,2011,0
73439,1606,48,1,17,6,2016,1,18,3,1,1,2013,1
8891,1512,12,1,13,8,2015,1,27,31,1,1,2001,0
18212,629,26,1,27,9,2015,2,22,14,1,2,2007,0
56484,121,24,2,20,5,2016,1,69,4,0,1,1998,0
53,40,1,1,20,1,2015,2,24,4,0,1,2013,1
48966,2741,12,3,19,12,2016,1,45,31,0,5,2006,0
26177,689,39,1,2,9,2015,2,29,4,0,1,2011,0
70427,92,46,1,11,11,2016,1,23,31,1,1,2004,0
59973,226,29,3,21,4,2016,1,30,31,0,2,2012,0
60970,83,31,1,15,6,2016,2,22,4,1,3,2005,0
53028,329,18,1,20,6,2016,1,17,4,1,1,2000,1
61491,45,33,1,13,5,2016,2,19,6,1,3,2004,1
17836,292,26,1,15,6,2015,2,83,4,1,1,2002,0
30238,26,47,1,20,1,2015,2,21,4,0,2,2005,1
35862,377,51,1,6,8,2015,1,55,4,1,1,1995,1
42928,1996,6,1,23,10,2016,1,26,4,1,2,1997,0
43484,2475,6,1,23,8,2016,2,24,4,1,2,2003,1
39880,693,4,1,3,10,2016,2,83,4,1,1,2005,0
58640,90,27,1,23,4,2016,1,25,4,1,1,1999,1
35483,54,51,1,13,2,2015,1,67,31,1,1,1986,0
62724,76,36,1,17,2,2016,1,23,31,0,1,2003,0
14483,59,20,1,20,3,2015,1,32,4,1,1,2005,1
41568,793,6,1,27,2,2016,1,23,14,1,4,1999,1
35474,47,51,1,10,2,2015,1,26,20,0,1,2001,1
19133,70,28,1,21,2,2015,1,26,4,1,4,2000,0
3682,1031,6,1,2,5,2015,2,36,30,0,4,2005,1
65406,62,38,1,23,8,2016,1,49,31,0,1,2016,1
35962,465,51,1,18,9,2015,1,33,4,1,1,2000,1
67876,397,41,2,16,11,2016,1,39,4,1,1,2000,0
70717,232,47,2,17,4,2016,1,22,4,0,2,2005,1
69122,1038,42,2,20,12,2016,2,28,4,1,1,2000,0
40716,44,6,1,6,1,2016,2,22,3,1,1,2004,1
58539,10,27,1,17,1,2016,1,47,4,1,1,2002,1
38919,892,1,1,28,12,2016,1,25,4,1,2,2006,0
30688,403,47,1,12,1,2015,2,37,4,1,2,2000,1
51063,1401,13,1,20,12,2016,1,51,14,1,1,1997,1
75237,3205,48,2,1,12,2016,2,60,15,0,1,2016,0
26501,1003,39,1,26,12,2015,2,50,15,0,5,2015,0
23685,1,37,1,29,1,2015,1,53,14,1,1,1999,1
12936,721,17,1,25,5,2015,2,29,14,0,2,2015,1
15793,155,22,1,4,4,2015,1,26,4,1,1,2006,0
27086,449,40,1,14,10,2015,1,50,4,1,1,1993,0
66362,788,39,2,25,9,2016,2,23,6,0,1,2012,0
31224,880,47,1,25,12,2015,2,64,4,1,1,2015,1
17535,45,26,2,14,2,2015,2,70,4,0,2,2007,0
76612,553,51,3,28,10,2016,1,27,2,1,1,2011,1
71525,950,47,1,20,12,2016,1,48,31,1,1,1994,1
45060,242,8,1,9,7,2016,1,47,6,1,1,2016,1
45294,460,8,1,25,10,2016,2,28,4,1,1,2003,0
28330,572,42,1,16,7,2015,1,23,3,0,1,2002,1
33478,1917,48,1,10,8,2015,1,17,31,0,2,2011,1
66759,50,40,1,21,1,2016,2,43,5,1,1,2003,0
4609,1777,6,1,13,11,2015,1,80,31,1,2,2000,0
61063,160,31,1,20,10,2016,2,27,30,1,1,1998,0
21181,197,31,1,28,11,2015,2,19,4,1,5,2005,0
30161,83,46,1,12,9,2015,1,25,31,1,3,2004,0
64137,332,37,1,10,4,2016,1,18,14,1,3,2002,1
69298,35,45,1,18,1,2016,2,32,4,0,1,2002,0
9004,1617,12,1,23,8,2015,2,52,4,1,1,2003,0
1327,268,4,1,23,4,2015,2,80,4,1,2,2015,0
70990,454,47,1,29,6,2016,1,18,2,2,3,2004,1
61257,127,32,2,7,5,2016,2,55,31,1,1,1992,0
50317,759,13,1,26,7,2016,2,58,4,0,1,2007,0
30848,554,47,1,14,8,2015,2,29,14,1,1,2008,1
65328,1345,37,1,28,12,2016,1,21,2,1,1,1999,0
31610,291,48,1,2,2,2015,1,45,31,1,1,2003,0
26419,927,39,1,19,11,2015,2,54,3,1,1,1999,1
51444,224,16,1,13,12,2016,2,19,4,1,1,1996,1
70692,206,47,2,9,4,2016,1,50,14,0,1,2004,1
1668,595,4,2,21,8,2015,2,34,6,0,1,2011,0
32131,728,48,2,8,4,2015,1,53,1,1,2,1998,1
37851,81,56,1,7,8,2015,1,67,31,0,2,2012,0
70611,134,47,3,5,3,2016,2,48,4,0,3,2015,1
27583,306,41,1,17,11,2015,2,35,4,1,2,2001,0
8796,1424,12,1,26,7,2015,2,21,31,0,1,2005,0
70258,876,45,1,20,12,2016,1,15,31,0,2,2001,0
45868,102,10,1,20,2,2016,1,23,4,1,2,2013,1
75560,3477,48,1,13,10,2016,2,58,15,0,1,2013,1
36485,200,53,1,16,6,2015,2,53,31,1,1,2007,0
16737,132,24,1,2,5,2015,1,18,6,1,1,2003,1
39069,42,2,2,30,7,2016,1,63,15,1,2,2005,0
55235,680,21,1,28,11,2016,1,19,4,0,1,2004,1
72215,572,48,1,9,3,2016,2,25,21,1,1,2008,0
76095,87,51,1,1,3,2016,2,61,15,0,1,2014,1
59737,20,29,1,16,1,2016,1,46,31,1,1,2007,0
31670,342,48,1,19,2,2015,2,21,31,0,1,2010,1
34320,2659,48,1,8,11,2015,2,27,2,1,1,2001,0
31386,94,48,2,13,1,2015,1,21,4,1,1,1999,1
38262,308,1,1,11,6,2016,1,31,16,1,6,1999,1
45245,412,8,1,29,9,2016,1,19,15,1,1,2004,1
49701,246,13,1,12,3,2016,2,31,6,0,1,2016,0
32585,1125,48,2,23,5,2015,2,38,14,0,4,2014,0
1237,170,4,1,26,3,2015,2,21,20,1,5,2005,1
1015,41,2,1,6,9,2015,2,40,2,1,1,2008,1
6769,504,8,1,30,12,2015,2,33,14,0,1,2003,1
45098,277,8,4,24,7,2016,2,37,4,0,1,2016,0
70496,46,47,1,29,1,2016,1,27,14,1,1,2011,1
52789,117,18,1,12,3,2016,1,65,4,1,1,2002,0
17945,391,26,1,16,7,2015,2,28,20,1,4,2001,0
56707,315,24,2,29,7,2016,2,54,4,1,1,2004,0
33398,1852,48,3,1,8,2015,2,24,6,0,1,2009,1
13322,88,18,1,27,2,2015,1,26,20,1,1,2002,0
30960,661,47,1,7,10,2015,2,38,4,0,1,2000,1
54386,368,20,1,10,11,2016,1,56,4,1,1,2000,0
68159,191,42,1,17,3,2016,1,45,2,1,2,2003,1
71817,224,48,1,31,1,2016,1,36,31,0,1,2004,1
2061,97,5,2,22,3,2015,1,70,4,1,3,2012,0
53948,337,19,1,13,12,2016,1,35,4,0,1,2003,0
801,645,1,2,23,11,2015,1,25,4,1,3,2004,0
76052,50,51,1,18,2,2016,1,74,31,1,1,2011,0
21495,239,32,1,7,11,2015,2,25,4,0,3,2009,0
1229,163,4,2,18,3,2015,2,26,4,0,1,2015,1
35949,454,51,1,13,9,2015,1,31,4,1,3,2001,1
6649,404,8,1,9,10,2015,1,72,2,1,1,2009,1
7520,264,12,1,28,2,2015,1,21,4,1,1,2011,1
54354,337,20,1,14,11,2016,1,21,14,0,1,2004,0
29311,246,45,2,28,4,2015,1,45,31,1,1,2004,0
51002,1352,13,1,9,12,2016,1,46,4,1,1,2016,1
8164,860,12,1,9,5,2015,2,32,30,1,1,2007,1
16717,117,24,1,6,4,2015,2,19,4,2,5,2004,1
72038,426,48,1,21,2,2016,2,36,2,0,1,2008,1
70548,88,47,1,20,2,2016,2,43,15,1,1,2000,1
32471,1026,48,1,16,5,2015,2,28,14,1,1,2003,0
31622,303,48,1,10,2,2015,2,23,2,0,1,2008,1
36179,658,51,1,17,12,2015,1,61,14,1,1,2005,1
32112,714,48,1,6,4,2015,1,19,14,1,1,2001,1
76691,616,51,1,28,11,2016,2,32,4,2,2,1999,0
63257,548,36,1,30,7,2016,1,29,31,0,1,2004,1
14191,71,19,1,29,4,2015,2,30,20,1,1,2000,1
36598,320,53,1,19,6,2015,2,29,6,0,1,2000,1
47497,1396,12,2,2,7,2016,2,23,4,1,1,1995,1
56005,568,22,1,21,10,2016,2,51,2,1,1,2013,1
55498,136,22,1,13,3,2016,2,21,31,1,2,2011,1
75682,55,49,2,22,4,2016,1,34,4,1,3,2005,0
16989,359,24,1,22,10,2015,2,35,4,0,1,2011,0
52787,114,18,1,11,3,2016,2,22,15,0,1,1999,1
24496,673,37,2,17,5,2015,1,18,4,0,1,2002,0
9737,2355,12,2,23,11,2015,2,29,31,0,2,1993,0
54831,348,21,1,4,5,2016,2,38,14,0,1,2002,1
50771,1162,13,1,24,10,2016,1,84,31,1,1,1998,1
13016,799,17,1,1,12,2015,1,28,4,0,1,2004,0
75650,29,49,1,20,3,2016,1,21,4,0,2,2006,1
70566,98,47,1,25,2,2016,1,50,20,1,1,1993,1
61718,116,34,1,25,3,2016,1,24,14,0,1,2002,0
71524,949,47,1,19,12,2016,2,18,4,1,1,2006,1
52809,135,18,1,6,3,2016,2,29,14,0,1,2001,0
74372,2460,48,1,19,9,2016,1,30,30,1,1,2006,1
28258,491,42,1,2,7,2015,2,33,6,1,1,2014,0
65627,133,39,3,21,3,2016,2,28,6,0,1,2016,0
3720,1057,6,1,25,5,2015,2,51,16,0,1,2006,1
74052,2174,48,2,19,8,2016,1,23,21,0,1,2013,1
36154,633,51,1,6,12,2015,2,54,20,1,7,2001,0
52445,896,17,1,13,11,2016,2,79,14,0,1,2007,0
26346,853,39,3,22,10,2015,2,77,31,0,2,2015,0
5835,2847,6,2,19,11,2015,2,49,6,0,2,2010,0
22452,191,35,1,2,10,2015,1,45,30,1,1,1997,1
55668,278,22,1,24,5,2016,1,35,4,1,1,2005,1
9960,2567,12,1,19,12,2015,2,34,4,0,1,2012,1
61861,239,34,3,3,7,2016,2,44,4,0,1,2010,0
36706,404,53,3,10,10,2015,1,66,2,0,4,1992,0
6130,3091,6,2,22,12,2015,2,40,4,1,3,2007,0
39684,512,4,1,24,8,2016,2,20,14,1,1,2013,1
76325,293,51,2,17,6,2016,2,55,14,1,1,1997,1
834,673,1,1,9,12,2015,2,42,14,1,1,2013,0
37447,252,55,1,23,7,2015,1,23,31,0,1,2003,1
72974,1213,48,1,21,5,2016,2,31,4,0,1,2009,1
42440,1569,6,1,31,8,2016,1,85,4,1,2,2009,0
24905,1009,37,1,27,10,2015,2,17,3,0,2,2002,0
5843,2851,6,1,16,4,2015,2,27,5,1,1,2013,0
77955,211,55,1,15,6,2016,2,38,6,1,2,2007,1
15363,489,21,1,1,10,2015,1,26,31,2,2,2000,1
61053,155,31,1,17,10,2016,2,29,3,1,1,2013,0
746,595,1,2,4,11,2015,1,51,15,0,1,2011,0
23869,150,37,1,24,2,2015,1,55,5,1,1,2006,0
15630,18,22,1,3,1,2015,2,34,4,1,1,2002,0
16494,70,23,1,4,8,2015,1,21,15,0,1,2000,1
22193,470,34,1,5,11,2015,2,23,4,1,2,2007,0
44891,91,8,1,11,3,2016,2,21,14,0,2,2006,0
31223,879,47,2,22,12,2015,2,60,5,1,1,2007,1
60034,277,29,1,28,5,2016,1,22,4,1,1,2002,1
6140,3099,6,1,23,9,2015,2,23,5,0,1,2015,1
74886,2896,48,1,4,11,2016,1,18,1,1,1,2004,1
28336,579,42,1,11,12,2015,2,72,4,0,1,2010,0
30703,415,47,1,11,7,2015,1,77,6,0,2,2012,1
65149,1206,37,2,17,11,2016,1,19,15,1,1,1995,1
72586,883,48,1,9,4,2016,2,26,6,2,2,2013,1
30308,88,47,1,14,2,2015,1,35,14,1,2,1994,0
52377,838,17,1,22,10,2016,2,43,4,0,1,2013,1
10496,206,13,1,4,3,2015,1,67,31,1,1,1997,0
60002,248,29,1,21,4,2016,1,47,2,1,2,2004,1
70644,158,47,2,21,3,2016,2,22,31,0,1,2000,1
24250,471,37,1,31,5,2015,1,56,4,1,1,2006,1
72147,514,48,2,26,2,2016,2,38,6,0,2,2004,0
74548,2604,48,2,8,10,2016,2,19,31,0,1,2010,0
44059,2951,6,1,25,8,2016,2,24,40,0,1,2015,1
45858,95,10,1,6,7,2016,1,18,14,0,1,2009,1
71147,610,47,2,31,7,2016,2,44,4,0,1,2010,1
70442,5,47,2,18,1,2016,2,40,31,1,1,1998,1
18511,876,26,1,30,12,2015,1,31,4,0,1,2015,1
24315,524,37,1,6,6,2015,1,36,5,0,1,2007,1
58012,577,26,2,2,8,2016,2,27,4,1,1,2012,0
1022,50,2,1,14,10,2015,1,16,14,0,1,2004,1
15597,683,21,1,7,7,2015,1,46,31,1,3,1997,0
20425,560,29,1,19,9,2015,1,17,2,1,3,2007,1
17175,49,25,1,9,5,2015,2,32,14,1,1,2002,0
2897,321,6,1,16,2,2015,1,48,31,0,1,2010,1
5696,2722,6,1,16,3,2015,1,44,14,1,1,2012,0
67243,493,40,1,2,11,2016,2,15,4,1,2,2007,0
15335,457,21,1,22,9,2015,1,40,5,1,1,2012,1
6598,362,8,1,16,9,2015,1,35,31,0,1,2009,1
78193,434,55,1,21,10,2016,1,16,14,1,1,2004,0
26873,253,40,1,25,6,2015,1,22,4,1,2,2005,0
44935,132,8,1,3,5,2016,1,24,4,1,2,1999,1
21367,131,32,1,28,4,2015,2,35,15,1,1,2004,1
34937,3187,48,2,3,2,2015,1,32,14,3,3,2003,1
62028,384,34,1,10,10,2016,2,23,31,0,1,2012,0
45227,397,8,1,17,9,2016,2,44,14,0,1,2013,0
32417,976,48,1,13,5,2015,2,23,4,1,1,2003,1
28852,1031,42,1,4,12,2015,2,27,2,0,1,2003,0
33935,2315,48,1,5,10,2015,1,31,31,1,1,2011,1
38830,824,1,1,4,12,2016,1,16,4,1,1,2010,1
2108,142,5,2,30,4,2015,2,27,14,0,1,2002,0
32883,1379,48,1,19,6,2015,1,52,31,1,1,2001,1
27926,164,42,2,3,3,2015,1,50,14,0,1,2005,0
4144,1404,6,1,4,7,2015,1,34,2,1,1,2006,1
30123,36,46,2,30,4,2015,1,28,4,0,1,2008,1
63195,487,36,1,19,7,2016,2,19,14,1,1,2002,0
30529,261,47,2,2,5,2015,2,47,4,1,2,2006,1
71501,931,47,2,14,12,2016,1,69,4,0,2,1997,1
49173,2914,12,2,2,10,2016,2,79,4,1,1,2008,0
9254,1862,12,1,25,9,2015,2,45,31,0,1,2000,1
60004,250,29,2,24,4,2016,2,25,14,0,1,2007,1
17728,199,26,2,9,5,2015,1,38,31,0,2,2010,0
30635,350,47,1,15,6,2015,1,20,4,2,2,2003,1
45331,490,8,1,17,8,2016,2,27,4,0,1,2004,1
31144,811,47,1,10,12,2015,1,40,31,1,1,2001,1
36201,674,51,2,30,12,2015,1,30,20,1,1,2000,0
52505,957,17,1,18,11,2016,2,60,14,1,1,2015,0
60524,739,29,1,4,11,2016,1,16,14,1,1,2003,1
30479,227,47,3,21,4,2015,1,72,15,1,1,2007,1
40632,481,5,1,18,12,2016,2,43,20,1,1,2012,1
29485,423,45,2,13,7,2015,1,21,4,0,1,2012,0
77969,222,55,1,22,6,2016,2,22,4,0,1,2010,1
6138,3097,6,1,26,8,2015,1,35,4,0,1,2014,1
9873,2485,12,1,16,12,2015,2,52,4,0,1,2004,0
12015,40,16,1,1,5,2015,1,20,14,1,1,1998,0
6591,356,8,1,14,9,2015,1,53,31,1,1,2011,1
54216,209,20,1,31,7,2016,1,33,4,0,1,1995,0
53218,510,18,2,26,8,2016,2,27,4,0,1,2008,0
17103,458,24,2,27,12,2015,2,47,14,0,1,2011,0
63708,971,36,2,16,7,2016,1,28,31,0,1,2016,0
62106,444,34,1,30,10,2016,1,44,4,1,3,1999,0
62897,231,36,1,2,5,2016,1,31,4,1,1,2013,1
334,250,1,1,18,5,2015,1,42,30,0,1,1998,1
52140,614,17,1,27,8,2016,1,18,4,1,1,2014,0
36165,644,51,1,8,11,2015,1,53,6,1,1,2013,1
5517,2569,6,1,4,12,2015,1,32,4,1,1,1996,1
67732,276,41,3,14,8,2016,1,53,4,0,1,1988,0
32453,1011,48,4,13,5,2015,1,53,4,0,1,2008,0
35249,175,49,1,31,8,2015,2,67,30,0,1,2000,1
9656,2273,12,1,24,10,2015,2,36,6,0,3,2009,1
57176,235,25,1,26,8,2016,2,24,31,1,3,2002,0
74007,2133,48,2,12,8,2016,2,30,4,0,1,2012,1
67185,438,40,1,8,10,2016,1,28,4,1,1,2004,1
70691,206,47,1,9,4,2016,1,26,4,1,1,2002,1
71527,952,47,1,17,12,2016,1,30,14,1,1,1996,1
62287,28,35,1,19,2,2016,2,43,31,1,1,2006,1
39254,128,4,1,31,3,2016,1,52,14,1,4,2004,1
78231,472,55,1,18,11,2016,1,21,31,1,3,1993,1
57950,518,26,1,10,8,2016,1,43,4,0,1,2001,0
70576,109,47,1,25,2,2016,2,24,4,0,1,2002,1
71000,466,47,1,4,7,2016,2,20,30,1,1,2016,1
34662,2938,48,1,8,12,2015,2,21,4,0,1,2014,1
56818,411,24,1,9,12,2016,2,90,4,1,1,2002,0
52201,661,17,1,20,8,2016,2,39,14,0,1,2015,1
74308,2392,48,2,8,9,2016,1,27,4,0,1,2010,1
33235,1710,48,1,25,7,2015,2,24,5,1,1,2010,1
14895,90,21,1,12,2,2015,1,57,31,1,1,1982,1
33872,2254,48,1,30,9,2015,2,26,31,0,1,2008,1
18976,322,27,1,6,11,2015,2,20,4,0,4,2008,0
28795,968,42,1,17,10,2015,1,18,4,1,1,2003,0
26210,723,39,1,22,9,2015,2,48,4,0,4,2006,0
6983,189,9,1,27,6,2015,2,66,5,0,1,2012,0
21063,99,31,1,17,6,2015,1,16,31,1,1,2006,0
68585,599,42,4,18,8,2016,1,43,2,0,1,1968,0
34259,2611,48,1,1,11,2015,2,70,5,0,1,2013,0
48516,2341,12,1,3,11,2016,2,49,31,0,1,1995,1
8037,743,12,1,7,1,2015,2,36,31,0,1,2014,0
59496,464,28,1,1,10,2016,2,63,4,0,1,2009,0
56268,86,23,2,14,8,2016,1,53,4,1,2,2008,0
30083,1,46,1,5,1,2015,1,67,14,1,1,1994,0
10955,571,13,1,14,6,2015,2,55,4,0,1,2008,1
49605,171,13,1,23,2,2016,2,40,4,0,2,1996,0
24985,1070,37,2,25,10,2015,2,20,2,0,1,2002,0
65575,94,39,3,21,2,2016,2,14,20,1,3,2002,0
70859,348,47,3,23,4,2016,1,50,14,0,1,2015,0
4517,1704,6,1,14,7,2015,2,33,4,0,1,2010,0
62100,438,34,2,3,8,2016,2,28,14,0,1,2014,1
28031,267,42,1,3,2,2015,2,27,20,0,1,2008,0
35815,330,51,1,14,7,2015,1,57,4,1,2,2006,1
41540,769,6,1,29,4,2016,2,25,14,0,1,2005,1
67812,345,41,1,8,12,2016,2,40,4,1,1,2001,0
66287,722,39,1,10,9,2016,2,37,14,0,1,2005,1
30299,83,47,1,10,2,2015,1,20,30,0,1,1993,1
62147,481,34,1,25,11,2016,2,18,4,0,2,2005,1
2268,277,5,2,6,8,2015,1,17,15,1,3,2015,1
31974,593,48,1,26,3,2015,1,65,14,1,1,1998,0
44342,3213,6,1,4,10,2016,2,46,4,0,1,2007,1
28840,1018,42,1,27,11,2015,2,21,4,0,1,2015,1
30977,678,47,2,10,10,2015,2,29,30,1,1,1994,1
59043,71,28,1,14,2,2016,1,36,15,1,2,2013,0
48963,2739,12,2,12,12,2016,2,76,14,0,3,2003,0
71143,606,47,1,27,8,2016,2,57,4,0,2,1999,1
7907,615,12,1,7,4,2015,1,28,4,2,2,1997,0
64343,520,37,2,19,5,2016,1,86,14,1,1,2011,0
33440,1884,48,1,6,8,2015,1,30,31,0,1,2013,1
15434,554,21,1,23,10,2015,1,79,31,1,1,2008,0
70949,419,47,1,20,6,2016,1,46,20,0,1,2003,1
1868,773,4,2,21,12,2015,2,71,14,1,1,1991,0
1441,386,4,1,22,6,2015,2,17,14,0,1,1998,1
30874,584,47,1,13,9,2015,1,31,15,1,1,2007,1
42301,1460,6,1,14,8,2016,1,33,31,0,4,2015,0
47293,1228,12,4,18,3,2016,2,63,4,0,2,2007,0
35264,188,49,1,24,9,2015,1,84,14,1,4,2002,0
74246,2337,48,1,12,9,2016,1,86,31,1,1,2009,0
30562,289,47,2,20,5,2015,2,17,31,0,2,2005,1
34850,3116,48,1,15,12,2015,2,33,14,0,1,2010,1
47666,1554,12,1,15,7,2016,2,61,4,1,1,2008,0
21979,285,34,1,29,8,2015,2,18,31,0,1,2002,1
77695,243,54,1,17,12,2016,1,28,15,0,7,2005,0
66901,173,40,1,24,4,2016,1,26,4,1,1,2005,1
48249,2103,12,1,11,9,2016,2,31,4,0,1,2012,1
38207,255,1,1,22,4,2016,2,33,4,0,1,2005,0
36847,505,53,4,22,12,2015,1,88,30,0,1,1997,0
68658,667,42,1,21,9,2016,2,71,4,0,1,2016,0
46298,311,12,1,26,2,2016,2,90,4,1,1,2013,0
20383,521,29,2,5,9,2015,1,69,15,0,2,2009,0
76103,93,51,1,13,3,2016,1,22,4,1,1,2012,0
70301,916,45,1,23,11,2016,2,32,4,2,2,2009,0
39184,67,4,1,5,1,2016,1,38,31,1,3,1995,0
47457,1362,12,1,11,6,2016,2,40,31,0,1,2008,1
38839,831,1,1,12,6,2016,1,20,4,1,1,2008,1
29076,60,45,1,2,2,2015,1,20,14,1,1,2005,0
47642,1528,12,2,17,7,2016,2,51,14,0,1,2008,0
71430,871,47,3,17,11,2016,2,50,6,0,1,2013,1
33293,1755,48,1,30,7,2015,1,19,20,0,1,2000,1
12406,205,17,1,5,5,2015,1,26,4,1,3,2002,1
59751,31,29,2,27,1,2016,1,22,14,1,1,1998,1
30691,407,47,1,10,7,2015,1,17,3,1,1,2007,1
77080,218,53,5,5,2,2016,1,24,4,0,1,2011,0
59845,114,29,1,8,2,2016,2,43,16,1,1,1999,1
24319,526,37,1,7,6,2015,2,22,4,0,1,2009,1
17501,17,26,1,20,1,2015,1,36,6,2,4,2005,0
570,446,1,1,9,8,2015,2,75,4,0,1,2009,1
41776,992,6,1,29,2,2016,1,40,4,1,1,1995,0
54930,433,21,1,14,8,2016,1,47,39,1,1,1979,0
18409,789,26,1,7,11,2015,1,17,14,1,1,1999,1
3231,616,6,1,5,4,2015,2,26,4,0,1,2010,0
71548,971,47,1,4,12,2016,1,35,4,1,2,2012,1
39299,168,4,1,2,4,2016,2,46,4,0,1,2012,1
15774,137,22,2,25,3,2015,2,34,31,0,1,2013,0
70675,191,47,1,25,3,2016,1,33,20,1,1,2001,1
68813,822,42,1,8,11,2016,2,21,4,0,2,2008,1
13097,865,17,1,14,12,2015,1,28,31,1,1,2003,1
48385,2223,12,2,13,10,2016,2,16,30,0,1,2001,0
4354,1566,6,3,14,9,2015,2,86,4,0,1,1992,0
30065,898,45,1,26,12,2015,1,48,15,0,2,2013,1
30827,531,47,1,20,8,2015,2,16,31,0,1,2004,1
29860,745,45,1,24,9,2015,2,40,16,0,1,1999,0
27644,345,41,1,5,12,2015,2,24,6,1,2,2010,0
29468,410,45,1,5,7,2015,2,29,2,1,2,1986,0
26919,302,40,1,18,6,2015,2,19,4,0,1,2012,0
10875,514,13,1,29,5,2015,2,65,30,0,1,2010,0
31201,859,47,1,13,12,2015,1,19,4,1,1,2015,1
70598,127,47,1,5,3,2016,2,27,4,1,2,2015,1
47673,1560,12,2,22,7,2016,2,57,21,0,1,2007,0
11854,1318,13,1,27,12,2015,2,33,2,0,2,2007,0
24074,314,37,1,23,4,2015,1,44,31,0,1,1997,1
5591,2636,6,1,28,12,2015,1,37,21,0,1,1990,1
5501,2558,6,2,3,12,2015,2,20,14,0,1,1998,1
731,583,1,1,21,10,2015,2,40,4,1,1,2004,0
2340,343,5,1,16,9,2015,1,39,2,1,2,2011,1
43285,2298,6,1,28,6,2016,2,36,4,1,1,2001,0
14252,127,19,1,16,7,2015,1,57,4,1,1,2009,0
46870,854,12,2,28,4,2016,1,62,14,1,2,2014,0
16314,616,22,1,3,12,2015,1,45,21,1,8,2008,1
58514,993,26,1,24,8,2016,2,36,14,1,1,2002,1
25588,134,39,1,9,3,2015,2,40,4,1,3,1988,1
20317,461,29,1,15,8,2015,1,16,4,1,1,2002,1
6701,449,8,1,1,11,2015,1,33,6,1,1,2006,1
33423,1870,48,1,15,8,2015,2,16,4,0,1,2002,0
18819,186,27,2,18,7,2015,1,44,4,0,2,2007,0
53700,107,19,1,20,5,2016,1,32,31,1,1,1995,1
1427,376,4,1,13,6,2015,1,21,14,2,5,2002,0
9231,1837,12,1,27,9,2015,2,49,30,0,4,2007,0
11291,853,13,1,4,9,2015,1,27,20,1,5,2003,1
76569,510,51,1,24,9,2016,2,20,14,0,2,1996,1
11964,86,15,1,29,10,2015,1,37,30,1,1,1993,1
67611,172,41,2,20,6,2016,1,40,4,0,2,2011,0
25228,1259,37,1,15,12,2015,1,23,4,3,3,2012,0
8910,1533,12,1,14,7,2015,1,78,31,1,1,2008,1
44657,3479,6,2,26,6,2016,2,22,4,0,1,1998,0
34437,2756,48,1,17,11,2015,2,73,4,0,2,2014,0
9168,1777,12,1,20,9,2015,1,20,4,0,1,1999,0
41269,511,6,1,30,3,2016,1,85,4,1,1,2004,0
28192,428,42,1,15,6,2015,1,16,4,0,1,2008,1
20737,823,29,1,5,9,2015,1,29,4,1,1,1994,0
36467,186,53,1,19,6,2015,1,22,4,1,1,2005,0
12420,218,17,1,5,5,2015,1,37,14,1,1,2004,1
36445,166,53,1,14,6,2015,1,22,4,1,1,2005,1
30634,349,47,1,17,6,2015,2,19,4,1,1,2012,1
11409,946,13,1,26,9,2015,1,27,6,1,1,2004,0
64220,408,37,1,5,5,2016,2,31,4,1,1,2015,0
49297,3039,12,1,4,11,2016,2,83,5,2,2,2016,0
15078,239,21,1,17,5,2015,1,68,30,1,1,1988,0
31958,577,48,1,22,3,2015,1,17,31,2,2,2000,1
54796,310,21,1,22,6,2016,1,60,4,1,1,2004,1
30734,445,47,1,24,7,2015,1,51,21,1,1,2007,1
42697,1781,6,1,17,8,2016,2,25,4,1,1,2007,0
56487,125,24,1,24,2,2016,2,47,4,0,1,2014,0
68881,885,42,1,20,11,2016,1,26,4,1,1,1999,0
1038,3,4,1,3,1,2015,2,23,4,0,1,2013,1
7102,32,10,1,23,3,2015,2,35,4,1,2,1997,1
1371,320,4,1,28,5,2015,1,44,31,0,1,2014,1
36377,103,53,1,13,4,2015,1,25,4,0,1,2012,1
76699,623,51,1,4,12,2016,1,27,4,1,3,2000,1
8018,727,12,1,5,5,2015,2,85,4,1,1,1994,0
7397,148,12,1,29,1,2015,2,19,4,0,1,2003,1
57403,49,26,1,1,2,2016,1,50,31,1,1,1997,0
72012,402,48,2,12,2,2016,1,28,20,1,4,2002,1
28570,772,42,1,7,8,2015,2,69,4,1,1,2001,0
76769,676,51,1,14,12,2016,2,30,3,0,1,2001,1
71198,657,47,1,3,7,2016,1,64,4,1,1,1995,1
75331,3276,48,1,12,12,2016,1,31,31,1,1,2000,0
6842,47,9,1,5,3,2015,2,37,30,1,1,2002,0
29239,189,45,1,9,3,2015,2,20,14,1,6,2003,0
16282,593,22,1,25,9,2015,2,20,4,1,1,2011,1
36313,51,53,1,21,2,2015,1,31,15,0,1,2004,0
30575,300,47,1,28,5,2015,1,31,31,1,1,2007,1
43269,2283,6,1,18,7,2016,1,24,4,0,1,1996,1
16420,718,22,1,11,11,2015,2,32,4,0,1,2015,1
32273,848,48,1,22,4,2015,1,45,31,0,1,2013,1
3544,932,6,2,30,4,2015,2,16,14,0,1,1998,1
11413,952,13,1,27,9,2015,2,38,30,0,1,2005,1
235,170,1,1,8,4,2015,1,19,20,1,2,2008,0
64125,324,37,1,21,4,2016,2,41,6,0,1,2008,1
12757,546,17,1,18,4,2015,2,86,4,1,1,1991,0
70978,440,47,1,28,6,2016,2,33,14,0,4,2003,1
31769,433,48,1,3,3,2015,1,47,15,1,1,2002,1
62227,560,34,1,20,12,2016,2,54,5,0,1,2012,0
49705,249,13,1,12,3,2016,1,22,31,1,1,2001,1
8737,1368,12,2,25,7,2015,2,25,4,1,1,1997,0
13886,608,18,1,17,10,2015,1,20,30,1,1,1998,0
33167,1649,48,1,2,7,2015,1,41,31,1,4,2013,0
40070,870,4,1,27,12,2016,2,33,14,0,1,2006,1
41553,780,6,1,21,5,2016,2,24,4,1,1,2014,0
56813,404,24,1,7,11,2016,2,20,4,1,1,2000,0
71771,177,48,1,22,1,2016,2,24,2,1,1,1998,1
59657,590,28,2,5,12,2016,1,66,14,1,1,2001,0
25820,349,39,1,9,6,2015,1,20,31,1,1,2006,0
57668,262,26,1,11,5,2016,2,25,5,0,1,2007,1
67523,104,41,1,22,4,2016,1,22,31,1,1,2001,1
52254,712,17,1,23,9,2016,2,18,5,1,1,2007,1
67451,42,41,2,27,2,2016,2,52,14,1,1,1995,0
6940,146,9,1,25,10,2015,1,18,14,0,2,2014,0
30475,226,47,1,23,4,2015,2,20,4,0,2,2009,1
57726,318,26,1,3,6,2016,1,52,14,0,1,2006,0
13431,191,18,1,28,4,2015,2,29,4,1,1,2001,0
45173,349,8,1,4,8,2016,2,41,4,1,1,2016,1
72131,502,48,1,29,2,2016,1,57,30,1,4,2001,1
54446,32,21,1,28,1,2016,2,57,4,1,1,2005,0
2690,140,6,1,25,1,2015,1,38,15,0,1,2006,1
34772,3041,48,2,5,12,2015,2,34,20,1,1,1999,0
70849,341,47,1,26,5,2016,1,26,4,0,1,1999,1
71241,695,47,1,14,9,2016,2,38,4,1,1,2016,1
18719,78,27,2,15,4,2015,1,19,14,1,3,2012,0
50921,1287,13,1,23,11,2016,1,61,6,2,2,2010,1
41429,651,6,1,23,5,2016,2,26,6,0,1,2006,0
21054,90,31,2,5,4,2015,1,57,6,2,2,2011,0
1476,423,4,1,30,6,2015,1,21,31,1,4,2012,0
72921,1167,48,1,14,5,2016,1,19,4,1,3,2014,1
57816,391,26,2,30,6,2016,2,64,6,1,2,2006,0
15662,41,22,1,29,1,2015,2,59,4,1,1,1998,0
26212,724,39,1,23,9,2015,1,37,31,0,1,2001,0
65385,39,38,1,28,6,2016,1,17,4,1,2,2014,1
70286,902,45,2,30,9,2016,2,32,31,0,1,2000,0
30109,25,46,2,13,5,2015,2,58,31,0,1,2001,0
12215,36,17,1,29,1,2015,1,36,21,0,1,2005,1
20345,489,29,1,17,8,2015,2,25,31,1,1,2002,0
24748,884,37,2,22,9,2015,1,34,4,0,1,2015,0
72025,414,48,1,18,2,2016,2,25,15,0,1,2015,0
30492,236,47,1,25,4,2015,1,18,4,1,2,2006,1
26776,161,40,1,17,2,2015,2,77,5,1,1,2013,0
6763,500,8,1,23,12,2015,2,35,31,2,2,2002,1
38738,736,1,1,30,10,2016,1,20,4,1,1,1999,1
69065,994,42,1,20,12,2016,2,33,4,0,2,2006,0
5263,2351,6,3,12,11,2015,1,46,15,0,1,2013,0
34056,2429,48,1,13,10,2015,1,33,4,1,1,1990,1
9851,2465,12,3,9,12,2015,2,66,31,0,1,2013,0
55635,252,22,1,7,4,2016,1,47,4,1,1,2000,0
32490,1046,48,1,20,5,2015,1,23,15,1,1,2013,0
76868,34,53,2,10,2,2016,2,65,14,0,1,2003,0
77392,492,53,1,8,12,2016,2,30,14,0,1,1995,1
54519,89,21,1,27,2,2016,1,32,4,0,1,2011,1
16106,457,22,1,31,7,2015,1,22,4,1,1,2010,1
35744,269,51,1,15,5,2015,2,19,4,1,1,2005,0
77021,173,53,1,29,5,2016,2,22,4,1,2,1992,0
41048,333,6,1,17,2,2016,1,45,6,1,1,2004,0
37257,82,55,1,25,3,2015,1,18,2,1,1,1995,1
20496,627,29,1,24,10,2015,1,18,31,0,2,2006,1
71493,925,47,1,11,12,2016,2,25,14,1,1,2010,0
25761,287,39,1,11,5,2015,1,19,30,0,1,1994,0
12152,176,16,1,11,12,2015,1,40,4,1,1,2008,1
11622,1129,13,1,10,11,2015,1,45,31,0,1,2016,1
12644,438,17,1,27,7,2015,2,28,4,0,1,2012,1
7429,180,12,1,4,2,2015,1,81,4,0,1,2013,0
61239,114,32,1,7,6,2016,1,58,6,1,1,2000,1
19043,379,27,2,14,9,2015,2,57,31,0,1,2001,0
34666,2944,48,1,9,12,2015,2,64,14,1,1,2002,1
30636,351,47,1,18,6,2015,1,61,14,1,1,2001,1
45209,378,8,1,10,9,2016,2,34,14,1,4,2016,1
31060,743,47,1,2,11,2015,1,19,4,1,1,1997,1
1733,659,4,1,30,10,2015,1,41,14,0,1,2001,1
53415,683,18,1,19,11,2016,2,22,14,1,1,2006,1
25205,1243,37,1,6,12,2015,1,62,4,0,2,2012,0
67232,484,40,1,29,10,2016,1,19,31,1,1,2012,1
54760,284,21,1,9,6,2016,2,27,4,0,1,2008,0
28621,809,42,1,20,8,2015,1,18,20,2,6,2005,0
26632,36,40,1,5,1,2015,1,81,31,1,1,1996,0
18951,299,27,1,15,10,2015,2,31,14,0,1,2006,1
5596,2640,6,1,30,12,2015,2,26,14,1,4,2003,0
152,114,1,1,1,4,2015,2,30,4,0,1,2008,0
76274,248,51,2,2,5,2016,1,39,15,1,1,2006,1
36137,621,51,1,1,12,2015,1,21,4,1,1,2001,1
31152,818,47,1,8,12,2015,1,26,4,3,3,2005,0
45589,167,9,1,15,6,2016,2,85,4,1,1,2013,0
34022,2393,48,1,14,10,2015,1,21,14,1,1,2004,1
65758,229,39,1,17,4,2016,1,57,20,0,1,2004,1
14251,126,19,1,7,7,2015,1,35,4,1,1,2004,1
71500,931,47,1,14,12,2016,1,73,4,1,1,2008,1
12384,185,17,1,19,4,2015,1,62,4,1,1,2009,0
26191,705,39,1,27,7,2015,2,23,4,1,1,2002,1
47889,1765,12,1,21,8,2016,2,39,6,0,1,2016,0
16599,23,24,1,31,1,2015,2,24,4,1,2,2005,0
28322,565,42,1,12,7,2015,1,34,3,1,1,1983,0
71230,689,47,2,24,9,2016,1,38,14,0,1,2002,1
13088,859,17,1,8,12,2015,2,27,31,0,1,2015,0
30628,345,47,1,10,6,2015,2,45,15,0,1,2007,1
58536,8,27,2,13,1,2016,2,30,4,1,2,2001,0
22386,126,35,1,12,7,2015,2,36,31,0,1,2002,0
38065,130,1,1,29,3,2016,1,32,14,0,1,2008,1
31512,209,48,3,28,1,2015,2,53,31,0,1,2007,1
22600,49,36,2,24,1,2015,1,85,31,1,1,2009,0
32188,779,48,1,5,2,2015,2,49,4,1,2,2003,0
71091,554,47,1,11,8,2016,1,33,5,0,1,2014,1
54497,72,21,1,6,2,2016,1,47,20,1,1,1994,1
12155,178,16,1,13,11,2015,1,25,31,2,2,2000,0
48405,2244,12,2,8,10,2016,2,31,14,0,1,2017,0
30474,225,47,1,26,4,2015,2,54,4,1,1,1994,0
12277,90,17,1,16,3,2015,2,83,4,1,1,2003,1
51592,112,17,1,27,2,2016,1,21,4,1,4,2005,1
36012,505,51,1,27,9,2015,1,41,4,1,1,2005,0
44990,182,8,1,6,6,2016,2,51,15,0,1,2008,1
31222,879,47,1,22,12,2015,2,43,4,1,1,2009,1
71144,609,47,1,1,9,2016,2,17,4,1,2,2010,1
23825,112,37,1,7,2,2015,1,44,4,1,1,2012,1
24993,1076,37,1,29,11,2015,1,36,4,1,1,1999,0
30221,14,47,2,6,1,2015,1,86,30,0,1,1998,0
15966,322,22,1,2,7,2015,1,27,31,1,1,2003,1
12622,419,17,1,18,7,2015,2,21,14,0,3,2005,1
16436,4,23,2,19,1,2015,1,45,4,1,1,2013,0
31495,194,48,1,23,1,2015,1,46,5,0,1,2013,1
76535,483,51,1,28,8,2016,2,29,4,0,1,2000,0
18413,794,26,1,18,11,2015,2,20,4,0,1,2006,0
14444,17,20,1,4,2,2015,1,50,30,1,1,2005,0
13071,845,17,1,6,12,2015,2,18,4,0,2,1997,0
57926,497,26,1,2,8,2016,1,16,31,0,1,2005,0
32404,963,48,1,6,5,2015,2,21,4,1,1,2003,1
4735,1882,6,2,11,7,2015,2,20,21,1,3,2009,0
64669,795,37,1,28,8,2016,2,69,4,0,4,2012,1
16252,568,22,1,11,10,2015,2,29,4,0,1,2004,0
39651,485,4,1,17,7,2016,2,26,31,0,1,2016,1
948,767,1,1,13,10,2015,2,64,31,1,1,1995,1
74680,2724,48,1,21,10,2016,2,19,4,1,4,2015,0
31169,831,47,1,13,12,2015,2,18,4,1,2,2008,1
30616,336,47,1,11,6,2015,1,55,21,0,4,2006,1
71321,778,47,1,24,10,2016,1,29,4,1,2,2006,0
6495,264,8,1,27,7,2015,1,43,21,1,1,2013,1
36134,618,51,1,3,12,2015,1,32,30,1,2,2011,1
46281,300,12,6,18,3,2016,2,48,14,0,1,2000,0
18145,561,26,6,7,8,2015,2,70,31,0,3,2011,0
57992,556,26,1,28,8,2016,2,73,4,1,2,2004,0
28491,708,42,1,4,8,2015,2,24,14,1,1,2004,0
71724,133,48,1,19,1,2016,2,20,14,1,1,2013,1
740,591,1,1,2,11,2015,1,30,15,1,1,1999,1
28186,421,42,1,6,6,2015,2,41,5,1,2,2012,1
66504,919,39,1,6,11,2016,2,38,4,0,1,2003,0
37854,86,56,1,21,8,2015,2,18,31,1,1,1995,1
24757,892,37,3,22,9,2015,1,47,20,0,1,2014,0
7464,211,12,1,30,1,2015,2,77,4,0,2,2010,1
34315,2653,48,1,7,11,2015,2,25,4,1,7,2005,0
60230,456,29,1,1,8,2016,1,60,20,0,1,2000,0
77405,502,53,3,19,12,2016,2,35,4,0,2,1981,0
43257,2271,6,2,6,7,2016,2,58,31,0,1,2006,0
72713,989,48,1,17,4,2016,2,24,4,1,2,2008,0
28747,919,42,1,6,9,2015,2,19,2,1,1,2004,0
1991,41,5,1,6,2,2015,2,31,31,0,1,1999,1
60770,53,30,1,7,5,2016,1,62,4,0,1,2007,0
47787,1663,12,1,24,7,2016,2,26,4,0,2,2012,1
14217,96,19,1,4,6,2015,1,38,31,1,1,2012,1
7037,242,9,1,24,11,2015,2,56,4,1,1,2001,0
51995,484,17,1,2,7,2016,1,19,4,1,1,1997,1
13990,700,18,2,14,11,2015,1,48,4,0,2,2004,0
15458,577,21,1,1,11,2015,1,20,4,1,1,1998,0
30659,378,47,1,26,6,2015,2,25,14,0,1,2005,1
40454,336,5,2,3,10,2016,1,19,4,0,1,2005,0
74507,2571,48,1,6,10,2016,1,25,31,0,1,2012,0
31202,859,47,2,13,12,2015,1,34,31,0,1,1995,1
22859,289,36,2,26,5,2015,2,53,14,0,8,2003,0
30758,474,47,1,30,7,2015,2,45,4,0,5,1994,1
76906,65,53,1,13,3,2016,1,56,14,1,1,2005,1
29052,42,45,1,22,1,2015,1,16,14,1,1,2002,1
67349,594,40,1,14,12,2016,1,50,30,1,1,1994,0
25151,1196,37,2,16,12,2015,1,27,31,1,2,1993,0
28793,966,42,1,18,10,2015,2,18,4,1,5,2001,0
33400,1854,48,2,3,8,2015,1,23,4,1,3,2004,1
75811,167,49,2,3,9,2016,2,39,15,0,1,2007,0
16513,93,23,2,18,9,2015,1,27,31,0,1,2012,1
14236,112,19,1,27,6,2015,1,24,4,1,1,1996,0
46814,813,12,2,24,4,2016,2,59,31,0,1,2000,0
44145,3036,6,1,1,7,2016,2,35,4,0,1,2013,1
77849,116,55,1,14,4,2016,1,44,14,1,1,2012,1
61648,51,34,1,15,2,2016,2,24,1,1,1,2014,1
51650,163,17,1,15,3,2016,2,27,4,1,1,2000,1
65315,1335,37,1,4,12,2016,1,18,2,1,1,1996,1
41703,924,6,1,13,5,2016,1,27,31,1,1,2004,0
64124,323,37,2,5,4,2016,1,25,2,1,1,2014,1
73526,1685,48,1,4,7,2016,1,20,4,1,1,2004,1
32957,1447,48,1,24,6,2015,2,33,4,1,1,2011,1
7733,465,12,1,21,3,2015,1,41,14,0,1,1999,1
21544,290,32,1,21,12,2015,2,40,15,0,1,2009,0
51555,84,17,2,10,2,2016,1,56,20,0,1,2009,1
65318,1337,37,1,1,12,2016,1,22,4,1,2,2011,0
61786,183,34,1,24,6,2016,2,87,6,1,1,2013,0
5880,2881,6,1,20,11,2015,2,24,6,0,1,2002,1
76321,291,51,1,18,6,2016,1,28,15,1,1,1999,1
16819,214,24,1,11,7,2015,1,32,14,1,1,1995,0
24809,934,37,2,22,9,2015,1,48,15,0,1,2011,1
8588,1234,12,2,26,6,2015,2,23,14,0,1,1999,0
5334,2426,6,2,13,10,2015,1,23,4,0,1,2014,1
27666,364,41,1,24,12,2015,1,35,4,1,3,2004,0
35300,218,49,2,5,11,2015,1,49,4,1,3,1990,0
76887,46,53,1,23,2,2016,2,59,4,0,1,2003,0
25790,319,39,2,30,5,2015,1,33,20,0,1,2000,0
72957,1199,48,1,15,5,2016,1,31,31,0,1,2012,1
34646,2923,48,2,6,12,2015,2,57,4,0,1,2014,0
70380,42,46,2,18,7,2016,1,34,31,0,1,2008,1
30846,550,47,2,31,8,2015,2,54,31,0,1,2009,1
43173,2203,6,1,2,12,2016,1,17,4,1,4,2002,1
16159,502,22,1,5,10,2015,2,56,4,1,1,2007,1
30829,533,47,2,13,8,2015,2,17,4,0,2,2007,1
32704,1227,48,1,7,6,2015,1,23,31,1,1,2002,1
66386,808,39,2,15,9,2016,2,20,31,0,1,2016,0
39274,146,4,1,19,2,2016,1,22,6,2,4,2005,1
11325,884,13,1,12,9,2015,2,29,1,1,1,2007,0
15235,371,21,2,3,8,2015,1,39,4,1,1,2007,0
6742,484,8,1,5,12,2015,2,31,4,0,1,2008,1
21196,210,31,1,20,12,2015,1,20,30,1,2,1992,0
70823,318,47,1,16,5,2016,1,30,14,1,4,2001,1
25573,126,39,13,14,2,2015,2,43,14,0,2,2014,0
78356,40,56,2,1,7,2016,1,51,31,0,2,2016,0
27840,90,42,1,1,2,2015,2,25,4,1,1,2005,0
39735,549,4,1,28,7,2016,2,18,30,0,1,2001,0
73539,1696,48,2,8,7,2016,2,38,14,0,1,2012,1
53583,4,19,1,14,1,2016,1,18,6,2,2,2003,1
4430,1640,6,1,28,9,2015,1,22,4,1,3,2009,1
30251,37,47,1,23,1,2015,1,22,14,1,1,2003,1
59173,181,28,1,17,3,2016,2,53,30,0,1,2010,0
43197,2219,6,1,7,12,2016,1,20,15,1,1,2001,1
70635,151,47,2,28,2,2016,2,19,15,0,2,2003,1
26243,755,39,1,26,9,2015,1,19,4,1,2,2004,0
6872,75,9,2,30,4,2015,2,52,4,0,1,2002,0
22518,257,35,1,14,12,2015,1,22,4,1,3,2006,1
64275,457,37,1,17,5,2016,1,43,31,1,1,2003,1
48941,2719,12,1,2,12,2016,1,36,4,0,2,1999,0
67839,366,41,1,23,10,2016,1,27,14,1,3,2005,0
54456,42,21,1,24,1,2016,2,45,4,1,1,2001,1
19597,455,28,2,16,10,2015,1,28,4,0,2,2013,0
73055,1278,48,4,23,5,2016,1,39,31,0,2,2005,0
16194,530,22,1,25,10,2015,1,18,31,1,1,2002,0
31878,512,48,1,9,3,2015,2,17,2,1,1,2002,1
48855,2644,12,1,7,12,2016,2,25,14,1,1,2005,1
39233,105,4,2,8,3,2016,1,56,30,0,1,2014,0
1288,219,4,1,5,4,2015,2,24,4,1,2,2010,0
68979,926,42,1,28,10,2016,2,27,4,1,2,2009,0
18009,456,26,1,9,5,2015,2,93,5,1,1,2011,0
35094,45,49,1,27,3,2015,1,21,14,1,5,2006,1
66739,32,40,3,29,1,2016,1,32,4,1,1,2012,1
822,663,1,2,5,12,2015,1,37,14,0,1,1999,0
31900,534,48,1,15,3,2015,2,33,31,0,1,2004,1
29244,193,45,2,7,4,2015,2,35,4,0,1,2014,0
4819,1953,6,1,14,10,2015,2,62,4,1,2,2009,0
78376,67,56,1,24,8,2016,1,19,14,1,1,2005,1
18812,182,27,1,12,7,2015,1,40,31,0,1,2010,0
54177,173,20,1,4,7,2016,1,46,4,1,1,2004,0
48021,1889,12,1,24,8,2016,1,28,31,0,1,2005,1
72961,1202,48,1,17,5,2016,1,20,31,0,1,2004,1
35592,144,51,2,12,4,2015,2,62,14,1,1,2004,0
58178,719,26,1,18,10,2016,2,49,4,1,1,2015,0
72157,521,48,1,1,3,2016,2,30,4,1,1,2006,0
25521,98,39,1,17,2,2015,2,46,20,2,2,2006,0
77528,85,54,1,28,5,2016,1,30,14,1,1,2013,0
45566,142,9,1,9,5,2016,2,28,20,0,1,2004,1
67958,12,42,1,29,1,2016,2,54,6,1,1,2001,0
17893,345,26,1,2,7,2015,2,28,31,1,1,1999,0
74783,2812,48,1,26,10,2016,2,23,4,1,1,2005,1
17601,91,26,2,19,1,2015,2,51,31,0,2,2012,0
30388,153,47,1,7,3,2015,1,21,30,1,1,1994,1
61275,143,32,2,19,6,2016,2,22,4,0,2,2004,0
11133,717,13,1,25,7,2015,1,46,4,1,1,2005,0
30941,645,47,1,25,9,2015,1,57,6,1,1,2006,1
71245,700,47,1,28,9,2016,2,29,4,1,1,2005,1
5742,2762,6,1,23,9,2015,2,33,4,0,1,2012,1
16383,682,22,1,23,4,2015,2,71,4,2,2,1997,0
48843,2636,12,1,9,12,2016,1,33,4,1,1,2010,0
6620,383,8,1,30,9,2015,1,40,14,1,1,2010,1
68744,756,42,1,21,8,2016,1,30,14,1,1,1996,1
56092,647,22,2,15,12,2016,2,24,4,1,2,2002,0
32647,1175,48,1,24,5,2015,1,26,31,0,1,2006,1
78075,331,55,2,18,8,2016,1,54,21,1,1,2003,0
42728,1809,6,1,16,10,2016,2,32,4,1,2,2013,1
75496,3413,48,1,22,12,2016,1,48,31,0,1,2008,1
17744,211,26,1,8,5,2015,1,85,4,1,2,2014,0
58734,176,27,2,11,7,2016,2,46,20,0,1,2015,1
70913,390,47,1,16,3,2016,1,64,30,1,2,2007,1
35630,173,51,2,28,4,2015,1,59,30,1,1,1998,0
70497,47,47,1,2,2,2016,2,72,4,1,1,2009,0
70094,731,45,2,21,10,2016,1,24,4,0,2,2015,0
60953,65,31,1,29,5,2016,2,36,4,0,1,2011,0
42927,1993,6,1,11,2,2016,2,16,4,0,1,1996,1
44899,98,8,1,8,4,2016,1,51,15,1,1,2002,1
73948,2078,48,1,5,8,2016,1,27,15,1,1,2001,1
13381,138,18,1,29,3,2015,2,21,4,1,2,2006,0
16413,709,22,1,9,9,2015,1,31,6,1,1,2014,1
25652,186,39,2,19,3,2015,2,24,2,0,1,2006,1
13095,863,17,2,5,12,2015,1,38,4,0,1,2015,0
42040,1226,6,1,22,3,2016,1,41,15,1,3,2001,0
6329,118,8,1,10,4,2015,1,60,31,1,1,2005,0
34710,2994,48,1,14,12,2015,1,16,4,3,4,2007,1
75847,196,49,1,6,10,2016,1,46,14,1,4,1997,1
318,233,1,1,14,5,2015,1,33,31,1,1,2002,0
32987,1479,48,1,3,7,2015,2,40,16,0,1,2002,1
39216,92,4,1,12,2,2016,1,30,31,1,1,2009,1
54817,330,21,1,17,6,2016,2,68,4,1,1,2007,1
4046,1325,6,2,28,5,2015,2,45,31,0,1,2006,1
3612,984,6,1,1,5,2015,2,23,3,1,2,1994,0
33693,2105,48,1,4,9,2015,1,24,4,1,4,2013,0
50657,1052,13,1,30,9,2016,2,81,4,2,2,2006,0
53169,469,18,1,26,8,2016,1,45,4,1,3,2014,1
74824,2842,48,1,1,11,2016,2,28,4,1,1,2006,1
35487,58,51,1,16,2,2015,1,37,14,1,3,2000,0
27085,448,40,1,6,10,2015,1,85,4,1,1,2010,0
28573,773,42,1,9,7,2015,2,74,4,1,1,2013,0
53972,354,19,1,3,11,2016,1,35,31,0,1,2009,1
42626,1719,6,1,12,1,2016,2,19,4,0,2,2015,1
47345,1265,12,2,28,5,2016,2,69,4,0,1,2014,0
45424,5,9,1,14,1,2016,2,52,4,0,1,2006,0
55900,478,22,5,31,8,2016,1,29,31,0,1,2011,0
38010,82,1,1,20,2,2016,1,19,4,1,2,2011,1
69453,161,45,1,17,3,2016,1,20,4,1,1,1993,0
52017,507,17,1,16,7,2016,2,28,15,0,1,2008,1
59366,349,28,1,21,7,2016,1,49,31,0,1,1999,0
76344,306,51,1,17,6,2016,2,22,5,0,1,2008,1
12096,127,16,1,24,7,2015,1,50,4,0,1,2009,1
5922,2917,6,2,9,4,2015,2,42,14,0,2,2008,0
57221,277,25,2,8,11,2016,2,25,4,0,1,2000,0
66421,847,39,1,17,10,2016,2,41,2,1,1,2011,1
13282,56,18,1,6,2,2015,2,47,4,1,1,2014,1
73529,1688,48,1,5,7,2016,1,28,4,2,3,2009,0
6659,412,8,1,16,10,2015,2,30,30,1,2,1997,0
60591,805,29,1,25,11,2016,1,17,31,1,1,2005,1
14073,769,18,1,24,12,2015,2,38,31,0,1,2008,1
73577,1728,48,1,13,7,2016,2,19,31,0,1,2005,0
36002,498,51,2,30,9,2015,1,37,4,0,1,2003,0
58032,593,26,2,5,9,2016,2,34,4,0,1,2015,0
46882,863,12,1,21,4,2016,2,28,14,0,1,2009,1
25596,142,39,1,10,1,2015,1,31,31,0,1,2012,1
70443,6,47,2,21,1,2016,2,30,2,1,1,2006,1
34884,3143,48,1,19,9,2015,2,71,4,1,1,1990,0
12131,159,16,1,13,10,2015,1,44,4,1,1,1999,0
15299,422,21,1,29,8,2015,1,19,31,1,1,1999,1
33870,2252,48,1,30,9,2015,1,48,16,1,2,2002,1
58670,109,27,1,24,5,2016,2,24,4,1,2,1994,1
39049,16,2,1,6,4,2016,2,30,14,0,1,2014,0
35386,20,50,2,12,7,2015,2,74,20,1,2,2009,0
73710,1847,48,1,21,7,2016,1,34,31,0,1,2014,1
60023,266,29,2,13,5,2016,1,82,6,2,2,2015,0
71989,381,48,1,20,2,2016,2,20,4,1,1,1994,1
11095,691,13,1,17,7,2015,1,31,14,1,1,2002,1
30942,645,47,2,25,9,2015,1,54,14,0,1,2004,1
11156,733,13,1,31,7,2015,1,20,3,1,1,2006,0
37933,26,1,3,15,1,2016,2,65,6,0,1,2012,0
3201,587,6,1,23,1,2015,2,36,15,0,1,2005,0
47007,976,12,3,7,5,2016,2,32,20,0,4,2016,0
43417,2404,6,2,28,12,2016,2,33,6,0,1,2017,0
26660,60,40,1,31,1,2015,1,29,4,0,2,2006,1
25043,1111,37,1,1,11,2015,2,29,4,0,1,1997,0
77018,170,53,1,4,5,2016,1,19,4,0,1,2006,0
26103,613,39,2,28,8,2015,2,28,31,0,1,2001,1
50646,1040,13,1,27,9,2016,1,16,14,1,1,2015,0
4821,1954,6,1,24,11,2015,1,74,4,1,1,2006,0
26464,965,39,1,26,10,2015,2,34,14,1,1,2003,1
69621,309,45,1,21,5,2016,1,30,4,1,1,2007,0
57317,357,25,1,14,10,2016,2,17,4,1,3,2003,1
23624,1015,36,1,25,11,2015,1,23,4,1,1,2006,1
22224,497,34,1,19,12,2015,2,35,16,0,1,1996,1
9014,1627,12,1,25,8,2015,2,77,20,3,3,2003,0
12485,291,17,1,20,1,2015,2,40,4,1,1,1994,0
50783,1172,13,1,27,10,2016,2,43,2,1,1,2002,1
77468,32,54,1,23,2,2016,2,24,4,1,2,2003,0
47830,1707,12,1,9,8,2016,1,30,31,1,1,2013,1
55163,630,21,1,5,5,2016,1,78,21,1,1,1990,0
17254,134,25,1,5,9,2015,2,35,4,0,1,1998,1
5005,2096,6,1,3,11,2015,1,45,14,1,1,1996,0
70386,49,46,1,2,8,2016,1,42,31,2,2,1989,1
70472,28,47,1,4,1,2016,2,27,14,1,1,1999,1
1144,86,4,2,19,2,2015,2,19,2,0,2,2005,0
395,299,1,2,12,6,2015,1,81,4,1,1,2014,0
14194,77,19,1,8,5,2015,1,19,31,0,1,1989,1
36562,283,53,1,8,8,2015,1,20,14,0,1,2002,1
6280,71,8,1,7,3,2015,2,27,4,2,2,2007,0
4140,1400,6,1,6,6,2015,1,45,4,1,1,2014,1
58663,105,27,1,20,5,2016,1,53,4,1,1,1990,0
67246,495,40,2,28,10,2016,1,79,4,1,2,1999,0
19829,47,29,1,2,2,2015,1,20,4,1,1,2005,0
538,418,1,1,7,8,2015,1,17,4,1,1,1996,1
36311,50,53,2,21,2,2015,1,18,4,0,4,2012,0
62370,108,35,1,28,4,2016,2,18,2,1,1,2008,1
2102,135,5,2,23,4,2015,1,56,31,1,2,2006,0
24949,1042,37,1,10,11,2015,1,23,14,0,1,2005,0
67170,424,40,1,25,9,2016,1,34,31,1,1,1998,0
76175,159,51,1,12,4,2016,1,22,6,1,3,2012,1
16881,259,24,1,7,5,2015,1,88,4,1,1,2004,0
52122,593,17,1,12,8,2016,1,55,14,1,1,2002,0
38119,182,1,1,17,4,2016,1,43,15,1,1,1986,0
26417,923,39,1,8,11,2015,1,54,30,1,1,1997,0
30267,55,47,1,28,1,2015,2,20,2,1,1,2003,1
41261,503,6,1,10,4,2016,1,30,14,1,1,2013,0
8242,937,12,1,16,5,2015,1,25,14,0,1,2007,1
66234,674,39,1,28,8,2016,1,50,4,1,3,2002,1
75178,3156,48,1,24,11,2016,1,24,14,1,3,2000,1
32785,1297,48,1,17,6,2015,1,62,4,1,1,2002,0
57081,148,25,1,17,5,2016,2,36,4,1,2,2008,0
73195,1404,48,2,10,6,2016,2,34,31,0,2,2012,0
73940,2068,48,1,13,4,2016,1,17,2,0,3,2000,0
60555,771,29,2,25,11,2016,2,65,14,1,2,1998,0
31084,760,47,1,12,11,2015,2,54,4,1,2,2015,1
17635,121,26,1,25,3,2015,1,60,4,1,1,1997,0
10486,199,13,3,2,3,2015,1,62,4,1,1,2014,0
28188,422,42,1,11,6,2015,1,29,20,1,1,2004,1
76837,11,53,2,12,1,2016,2,49,15,0,1,2000,0
77683,231,54,1,4,12,2016,1,34,31,1,1,2006,0
20012,196,29,2,5,4,2015,2,60,14,0,2,2015,0
30780,495,47,1,11,8,2015,1,54,14,1,3,1999,1
15857,219,22,1,3,5,2015,2,50,5,1,1,2015,0
8529,1186,12,1,1,7,2015,2,23,4,0,1,1999,1
75589,3502,48,1,17,12,2016,1,28,4,1,1,2013,1
37043,157,54,2,4,8,2015,1,54,16,0,1,2000,0
33670,2081,48,2,11,9,2015,1,21,31,0,1,2011,1
31265,916,47,1,3,11,2015,2,90,4,1,1,2014,0
62527,255,35,2,17,9,2016,1,20,2,0,1,2006,0
2798,241,6,1,14,2,2015,1,19,14,0,1,2007,1
28603,793,42,3,11,6,2015,2,19,31,0,1,2010,0
58108,663,26,2,24,9,2016,1,30,6,0,3,2006,0
2906,332,6,2,16,2,2015,1,33,2,1,1,1982,0
76651,585,51,1,3,10,2016,1,51,4,0,1,1999,1
9209,1811,12,2,22,9,2015,1,63,2,0,1,2014,0
21978,284,34,1,9,8,2015,2,19,14,1,2,2003,0
6486,256,8,1,22,7,2015,1,28,3,1,1,2000,1
17426,277,25,1,29,10,2015,2,20,4,1,1,2015,1
70912,389,47,1,7,6,2016,1,18,4,1,1,2005,1
35703,231,51,2,14,5,2015,2,52,6,0,1,2006,0
28215,452,42,1,18,6,2015,1,20,4,1,1,2006,0
37935,28,1,1,15,1,2016,1,44,4,2,2,2001,0
22054,348,34,2,16,10,2015,2,49,4,0,1,1997,0
71498,929,47,2,9,12,2016,1,39,14,2,2,2006,1
71559,984,47,1,1,11,2016,2,35,15,0,1,2000,1
32878,1374,48,1,16,6,2015,2,20,4,0,1,2001,1
76253,228,51,1,22,5,2016,1,75,4,0,1,2000,0
24454,642,37,1,7,7,2015,1,21,14,0,1,2010,0
73466,1624,48,1,25,6,2016,1,50,14,0,1,2005,1
12552,352,17,1,29,6,2015,1,58,14,1,1,1999,1
24362,558,37,1,23,6,2015,1,35,16,1,3,1995,1
34523,2825,48,1,24,11,2015,2,50,31,0,1,2004,0
49910,410,13,1,26,4,2016,2,76,4,1,1,2004,0
65807,266,39,2,5,5,2016,1,25,14,1,1,2005,0
43460,2453,6,1,30,9,2016,1,35,4,0,1,2013,1
75550,3465,48,1,19,12,2016,2,16,6,1,3,2010,1
48831,2623,12,1,7,12,2016,2,41,3,1,1,2002,1
33730,2140,48,3,19,9,2015,1,64,20,0,1,2007,0
26773,159,40,1,25,5,2015,2,17,14,0,1,2005,0
50761,1153,13,1,21,10,2016,2,31,4,1,2,2010,1
70847,337,47,1,22,5,2016,2,67,1,1,1,1997,1
45113,291,8,1,31,7,2016,1,18,4,1,1,2002,1
51682,190,17,1,30,3,2016,1,17,4,1,1,2004,0
39152,39,4,1,5,2,2016,2,23,4,1,1,1999,1
38692,693,1,2,30,10,2016,1,25,14,1,2,2007,0
30241,28,47,1,21,1,2015,1,22,4,1,3,2002,1
19874,85,29,1,1,3,2015,2,25,4,1,1,2006,1
75340,3282,48,1,13,12,2016,1,58,14,1,1,2002,1
68370,395,42,1,6,6,2016,2,51,31,0,1,2010,0
54315,301,20,1,29,10,2016,1,18,2,1,1,2004,1
71202,660,47,2,28,8,2016,2,30,4,0,1,2014,1
1514,454,4,1,31,7,2015,2,31,2,1,1,2004,0
30444,201,47,1,5,4,2015,1,18,4,1,1,2000,1
17953,404,26,1,22,7,2015,1,84,31,1,1,2015,0
58590,46,27,2,29,2,2016,1,20,1,0,1,2008,1
69129,1042,42,1,31,12,2016,1,43,4,1,1,1999,0
37363,174,55,2,26,5,2015,2,52,6,0,1,2011,0
65246,1277,37,1,26,12,2016,2,27,30,0,1,1998,1
13340,103,18,1,9,3,2015,1,45,14,1,1,2004,0
25898,423,39,1,24,6,2015,2,26,4,0,1,2011,0
58396,907,26,1,7,12,2016,2,56,31,0,1,2013,0
78268,496,55,2,8,12,2016,1,74,20,1,2,2006,0
70498,48,47,1,4,2,2016,2,56,4,1,1,2005,1
42174,1344,6,1,16,7,2016,1,79,4,1,1,2005,0
35151,95,49,1,12,6,2015,1,17,31,1,2,2004,0
21599,45,33,1,17,7,2015,1,72,6,0,1,2015,1
60842,142,30,2,1,10,2016,1,33,4,1,1,2000,1
32808,1315,48,1,9,6,2015,2,19,4,0,1,2013,0
76724,644,51,1,9,12,2016,2,44,6,1,2,2004,0
58050,614,26,1,11,9,2016,1,29,2,1,1,1999,0
70457,15,47,1,5,1,2016,2,35,4,1,3,1999,1
51001,1351,13,1,9,12,2016,2,25,2,1,2,1998,1
64771,880,37,1,31,8,2016,2,69,14,0,1,2005,0
690,548,1,1,24,9,2015,2,63,20,1,1,1987,0
68675,688,42,1,29,9,2016,2,67,14,1,2,2004,0
62008,368,34,1,4,9,2016,2,24,4,0,1,2002,1
18069,496,26,1,10,8,2015,2,17,2,1,1,2000,0
42651,1744,6,1,15,9,2016,1,27,4,1,1,1997,0
7695,433,12,1,21,3,2015,1,20,3,1,2,1999,0
52147,620,17,1,27,8,2016,1,22,31,1,1,2010,1
52420,877,17,1,23,10,2016,1,49,14,1,1,1998,0
34520,2823,48,2,23,11,2015,1,21,4,1,1,1996,1
36239,705,51,2,24,12,2015,2,50,15,1,5,2011,0
27306,45,41,2,25,2,2015,2,55,4,1,1,1998,1
39087,62,2,2,29,10,2016,1,33,14,1,1,2014,0
34809,3077,48,1,23,12,2015,1,19,31,1,2,1997,1
75093,3082,48,1,22,11,2016,2,27,4,0,1,2016,1
13442,202,18,2,1,5,2015,2,43,15,0,1,2000,0
16613,34,24,1,11,2,2015,1,27,4,1,1,2001,1
74089,2205,48,1,26,8,2016,1,29,31,1,2,2012,1
31664,334,48,1,17,2,2015,1,29,31,1,1,2004,0
74208,2305,48,1,12,9,2016,1,25,4,1,1,2009,1
13810,542,18,1,24,9,2015,1,49,4,2,2,2005,0
30471,223,47,1,18,4,2015,1,25,14,1,1,1994,1
71347,803,47,1,4,11,2016,1,19,4,1,1,1994,1
39460,331,4,1,27,5,2016,1,25,4,1,1,2000,1
69089,1013,42,1,21,12,2016,1,23,4,1,1,2005,0
76644,580,51,1,17,11,2016,2,23,4,0,1,2002,1
49260,3002,12,2,16,7,2016,2,41,4,1,3,2001,0
71494,927,47,2,30,10,2016,1,60,31,0,1,1994,1
53084,387,18,1,16,7,2016,1,21,4,1,2,2013,1
39764,574,4,1,22,9,2016,2,73,15,0,1,2004,0
73947,2075,48,1,2,8,2016,1,23,31,0,4,2016,1
70365,25,46,1,26,4,2016,1,25,4,1,2,2002,0
76086,84,51,2,8,1,2016,1,32,4,1,1,1999,0
19853,66,29,3,11,2,2015,1,24,14,0,5,2003,0
47222,1158,12,2,16,3,2016,2,70,6,0,1,2016,0
74081,2198,48,2,25,8,2016,2,21,2,1,1,2006,1
78367,53,56,1,3,8,2016,1,40,31,1,2,2012,1
13392,148,18,1,4,4,2015,1,26,2,0,1,2008,1
70714,230,47,1,14,4,2016,2,56,3,1,1,2007,1
5741,2761,6,1,2,12,2015,2,48,4,1,1,2007,1
251,181,1,1,19,4,2015,1,16,14,1,1,2007,1
53206,498,18,1,7,9,2016,1,41,31,1,1,2000,0
24333,538,37,1,9,6,2015,2,29,14,1,2,2002,1
35044,8,49,1,18,1,2015,1,17,4,0,1,2004,1
44756,3574,6,2,1,12,2016,2,45,5,1,1,2010,1
9741,2362,12,1,3,12,2015,1,51,30,1,1,2003,1
22130,413,34,2,3,12,2015,2,72,31,0,1,2003,0
71028,493,47,2,3,6,2016,2,55,4,1,1,1998,0
27794,57,42,1,31,1,2015,1,51,4,1,1,2012,1
9076,1688,12,2,9,8,2015,2,25,2,0,2,2014,0
21607,54,33,1,22,8,2015,1,47,4,0,1,2014,1
25558,123,39,1,6,3,2015,2,27,1,2,2,2004,1
72404,730,48,2,20,3,2016,1,18,4,3,4,2013,1
43458,2449,6,1,8,12,2016,1,29,4,0,1,2001,0
39685,512,4,2,24,8,2016,2,47,14,0,1,1999,1
71335,793,47,1,26,10,2016,2,60,14,1,3,2002,1
69564,259,45,1,13,4,2016,1,48,30,1,1,2005,0
75832,187,49,1,28,9,2016,2,16,6,0,1,2005,0
39426,295,4,1,20,5,2016,1,60,4,1,1,2000,0
76053,52,51,1,18,2,2016,1,34,14,1,1,1989,1
27589,310,41,2,22,11,2015,2,66,4,0,2,2013,0
11899,21,15,2,5,4,2015,2,38,20,0,6,2002,0
1850,761,4,4,6,12,2015,2,29,5,0,2,2012,1
31626,306,48,1,11,2,2015,1,55,22,1,1,2014,1
52424,881,17,1,6,11,2016,2,32,14,1,1,2002,1
53413,682,18,1,19,11,2016,1,26,30,0,1,2000,1
55395,48,22,1,31,1,2016,2,21,4,1,2,2013,1
54395,375,20,1,26,12,2016,1,18,2,1,3,1999,1
18384,770,26,1,20,11,2015,1,58,14,1,1,2002,0
69922,585,45,3,3,8,2016,2,34,31,0,1,2015,0
37362,174,55,1,26,5,2015,2,84,4,0,2,2009,0
11218,793,13,1,17,8,2015,2,34,4,1,1,2011,0
71696,111,48,1,10,1,2016,1,21,31,0,1,2015,0
55384,42,22,1,22,1,2016,2,82,4,1,1,2003,0
12260,76,17,1,7,3,2015,1,60,4,0,1,2001,0
76510,458,51,1,23,9,2016,2,43,30,1,2,2002,0
72988,1224,48,1,11,5,2016,2,34,16,1,3,2002,1
44141,3031,6,2,23,1,2016,2,58,5,0,1,2016,0
26596,6,40,1,10,1,2015,2,19,4,0,1,2007,0
68077,116,42,1,18,2,2016,2,23,4,1,1,1998,0
60830,131,30,1,11,9,2016,1,66,31,1,2,2005,1
55715,320,22,1,24,8,2016,2,38,15,0,1,2007,1
65579,98,39,1,27,2,2016,1,29,14,1,2,1998,1
41071,355,6,1,1,3,2016,1,17,2,0,1,1992,0
12378,180,17,2,17,4,2015,1,31,4,1,2,2009,0
76434,387,51,2,28,7,2016,2,58,4,1,1,2010,0
71268,720,47,1,28,9,2016,1,58,30,0,1,2000,1
58782,223,27,1,31,8,2016,1,22,31,1,1,2012,1
49477,67,13,1,22,1,2016,2,47,31,1,1,1994,0
56452,90,24,2,16,4,2016,1,50,31,0,1,2000,0
42027,1219,6,1,14,7,2016,1,53,1,0,1,2012,1
58134,685,26,3,20,8,2016,2,35,4,0,1,2013,0
42951,2016,6,1,18,5,2016,1,53,4,1,1,2016,1
57976,542,26,1,21,8,2016,1,39,6,1,2,2010,1
25213,1250,37,1,29,12,2015,1,16,4,1,1,2009,0
33942,2327,48,2,6,10,2015,1,27,31,0,1,1999,1
77990,248,55,2,3,7,2016,1,66,15,0,1,2005,0
53819,224,19,1,12,9,2016,2,18,4,0,1,1999,1
2688,136,6,1,28,1,2015,1,23,4,0,1,2007,1
70570,102,47,1,15,2,2016,1,45,4,1,1,2004,1
52855,172,18,1,4,4,2016,1,37,31,0,2,2007,0
11696,1188,13,1,28,11,2015,2,18,4,1,4,2005,1
72144,511,48,2,25,2,2016,2,42,4,0,1,2011,0
77838,107,55,1,4,4,2016,2,32,14,1,1,2004,1
27887,131,42,1,27,3,2015,1,17,4,1,1,2002,1
28314,557,42,1,22,5,2015,1,30,3,1,1,2001,1
12790,582,17,1,4,9,2015,1,29,4,1,1,2007,1
41682,899,6,1,28,3,2016,2,27,2,1,2,1996,0
6121,3083,6,1,8,5,2015,2,42,16,0,1,2003,0
19040,377,27,1,30,12,2015,1,26,31,1,4,2003,0
36501,215,53,4,4,7,2015,2,60,14,0,2,2014,0
24715,859,37,1,8,9,2015,1,65,30,0,1,1995,0
39386,254,4,1,7,4,2016,1,21,30,1,4,2002,1
864,699,1,1,29,12,2015,1,18,4,1,1,2006,1
12694,486,17,2,5,8,2015,1,33,6,1,2,2006,1
2424,418,5,1,10,11,2015,2,25,3,0,1,2002,1
71429,871,47,2,17,11,2016,2,55,2,1,1,2011,1
71142,605,47,1,24,8,2016,2,41,4,0,1,2002,1
77048,193,53,1,9,6,2016,2,49,4,1,1,1999,0
28448,683,42,2,23,9,2015,2,19,4,0,2,2001,0
10287,47,13,1,17,1,2015,2,63,30,1,1,1988,0
4070,1345,6,1,5,6,2015,1,38,31,0,2,2006,1
32651,1177,48,2,24,5,2015,1,19,31,0,2,2004,0
37205,41,55,2,10,2,2015,2,24,20,1,1,2000,1
37864,96,56,3,1,9,2015,1,39,31,0,2,2011,0
31234,889,47,1,21,12,2015,2,27,14,0,1,2010,0
74017,2144,48,1,18,8,2016,2,18,4,1,1,2016,0
11626,1136,13,1,12,11,2015,1,19,30,1,1,2005,1
55043,534,21,1,24,9,2016,1,33,31,1,1,1996,0
74307,2392,48,1,8,9,2016,1,42,4,1,1,2005,1
40914,213,6,1,15,2,2016,2,35,2,1,1,2003,0
65728,207,39,1,8,4,2016,2,30,4,1,2,2001,0
56231,52,23,2,31,5,2016,1,35,31,0,1,2003,1
61864,242,34,1,31,7,2016,2,26,14,1,1,2001,0
66832,116,40,1,24,3,2016,2,25,4,1,1,2011,1
12410,207,17,1,23,4,2015,2,17,4,0,1,2007,1
23913,184,37,1,13,1,2015,1,20,14,0,1,1995,1
30449,204,47,1,6,4,2015,1,19,4,1,1,2009,0
50795,1183,13,1,29,10,2016,1,33,30,1,1,2016,0
51701,213,17,1,9,4,2016,2,20,2,1,1,1997,1
44026,2926,6,1,30,5,2016,2,18,14,0,1,1992,1
53878,276,19,1,24,10,2016,1,26,4,1,1,2002,1
66224,666,39,1,31,8,2016,1,53,31,1,1,1997,0
22744,180,36,1,9,3,2015,2,50,21,1,2,2001,0
39379,246,4,1,3,4,2016,1,22,14,1,3,2007,1
32916,1409,48,1,25,6,2015,2,45,6,0,2,2012,1
76871,37,53,1,14,2,2016,1,17,4,1,1,2002,1
54651,196,21,1,30,4,2016,1,35,14,1,1,1995,1
26710,104,40,1,8,3,2015,1,33,31,1,3,2004,1
57609,213,26,1,18,4,2016,2,30,4,1,1,2000,1
21642,86,33,1,29,11,2015,1,21,4,1,1,2004,1
77724,14,55,1,23,1,2016,1,19,4,1,4,2003,0
52841,161,18,1,27,3,2016,2,37,5,1,1,2009,0
73675,1823,48,1,24,7,2016,2,52,31,1,1,1992,0
42947,2011,6,1,15,7,2016,1,21,14,1,3,2000,1
33786,2183,48,2,24,9,2015,1,49,4,1,2,2003,1
14568,134,20,1,7,6,2015,1,37,31,0,2,2006,0
73374,1548,48,1,19,6,2016,2,83,4,1,1,2005,0
25535,109,39,1,20,2,2015,1,49,20,1,1,2005,0
78214,452,55,1,5,11,2016,1,60,31,1,1,2006,0
25675,207,39,1,15,4,2015,2,25,4,1,1,1996,1
62588,315,35,1,29,11,2016,2,20,31,0,1,2004,0
16718,118,24,1,28,4,2015,2,58,1,0,1,2001,1
42537,1650,6,1,24,9,2016,1,38,31,1,1,2001,0
31275,924,47,1,27,10,2015,1,70,30,1,1,1993,0
54549,116,21,2,23,3,2016,1,42,30,1,2,1989,0
67454,44,41,1,1,3,2016,1,24,4,3,4,1992,1
53648,59,19,1,3,4,2016,1,30,6,1,4,2006,1
67315,559,40,1,15,12,2016,2,39,31,1,2,2004,0
53049,349,18,1,27,6,2016,1,20,6,0,1,2010,1
75079,3067,48,2,19,11,2016,2,38,20,0,4,2011,0
68949,912,42,41,13,2,2016,1,49,6,0,2,2012,0
15411,534,21,1,16,10,2015,1,69,31,0,1,2006,0
65558,83,39,2,22,2,2016,1,24,4,1,1,2007,0
33566,2002,48,1,26,8,2015,1,51,4,1,1,2003,1
74838,2854,48,1,4,11,2016,2,74,14,1,1,2002,0
70672,188,47,1,25,3,2016,2,39,5,0,1,2006,0
73980,2106,48,1,15,8,2016,1,31,31,1,1,2012,0
12042,70,16,1,13,6,2015,1,18,4,1,3,2004,1
17127,5,25,1,18,1,2015,2,24,4,1,1,2001,1
3034,453,6,1,3,3,2015,2,53,4,0,3,2008,0
23207,623,36,1,20,8,2015,2,19,4,0,2,2008,0
27839,89,42,2,2,2,2015,1,30,31,0,1,1995,0
74165,2271,48,3,3,9,2016,2,31,31,0,2,2015,0
37564,368,55,1,8,11,2015,2,18,4,0,3,2006,0
62340,81,35,1,15,4,2016,1,26,31,1,1,2014,0
45024,210,8,1,21,6,2016,1,23,6,1,2,2008,1
45334,492,8,1,1,11,2016,2,26,14,1,1,1997,1
72572,871,48,1,5,4,2016,2,47,14,0,4,2015,0
54487,66,21,2,12,2,2016,1,56,31,1,2,2013,0
24269,488,37,1,16,6,2015,1,39,20,1,2,1999,1
25218,1254,37,1,23,12,2015,1,22,4,1,1,2000,1
20751,7,30,1,13,2,2015,1,48,20,1,1,1992,1
76487,433,51,1,31,8,2016,2,45,14,0,1,2011,1
58728,170,27,2,7,7,2016,1,31,4,1,1,1998,0
45117,296,8,1,22,7,2016,1,68,30,1,2,1999,0
30478,227,47,2,21,4,2015,1,58,14,0,2,2008,1
72360,690,48,1,24,3,2016,2,18,14,1,1,2005,1
75542,3459,48,1,31,12,2016,2,18,14,1,1,2003,1
72252,601,48,3,2,3,2016,1,52,31,0,1,2013,0
67168,420,40,1,17,9,2016,1,62,30,1,2,2003,0
45059,240,8,1,7,7,2016,2,31,14,0,1,2001,1
59710,633,28,2,13,9,2016,1,67,4,1,2,2001,0
45614,186,9,1,14,10,2016,2,37,4,0,1,2002,1
45995,72,12,2,1,1,2016,2,67,31,0,1,2004,0
47117,1077,12,3,12,5,2016,2,34,15,0,3,2014,0
13020,804,17,1,12,12,2015,1,25,4,1,1,2013,1
29750,665,45,1,11,10,2015,1,19,16,1,1,2003,0
75609,3521,48,1,30,12,2016,1,17,14,1,5,2003,1
62125,463,34,1,4,10,2016,2,25,30,0,1,2011,1
9095,1713,12,1,13,9,2015,2,16,15,1,1,2004,0
14682,261,20,2,21,9,2015,1,72,6,0,1,2010,0
26018,531,39,1,30,7,2015,1,31,31,1,1,2002,0
41983,1185,6,2,16,7,2016,1,18,2,0,2,2015,0
31548,242,48,1,4,2,2015,1,22,31,1,1,1999,1
72943,1186,48,1,10,5,2016,1,26,14,1,1,2015,1
31061,744,47,1,4,11,2015,2,22,4,1,1,1998,1
71798,202,48,1,29,1,2016,1,27,2,1,8,2003,1
32410,968,48,1,9,5,2015,2,17,14,1,1,1999,1
72189,545,48,2,4,3,2016,2,60,4,1,1,2003,0
23213,629,36,1,7,9,2015,1,28,4,1,1,2000,0
1358,306,4,1,28,5,2015,1,29,14,1,2,2006,0
32053,653,48,1,31,3,2015,1,46,16,0,1,1999,1
25642,178,39,1,4,4,2015,2,31,14,1,1,1994,1
35977,477,51,1,17,9,2015,1,57,31,0,1,2005,1
39095,68,2,1,11,10,2016,2,57,14,1,1,2002,0
50844,1223,13,1,8,11,2016,2,20,4,1,1,2002,1
23963,229,37,1,26,3,2015,2,21,14,0,1,2002,0
31978,597,48,1,27,3,2015,1,24,31,1,1,1996,0
41594,822,6,2,30,4,2016,2,31,5,1,2,2003,0
33498,1934,48,2,24,8,2015,2,54,31,1,1,2011,1
68290,322,42,1,9,5,2016,1,23,14,2,2,1999,0
4962,2063,6,1,28,10,2015,1,28,4,1,2,2005,1
7202,116,10,1,1,9,2015,2,21,1,0,1,2001,0
73544,1699,48,1,9,7,2016,1,31,31,2,4,2001,1
4680,1830,6,1,28,10,2015,1,21,4,0,1,2012,1
42999,2057,6,1,2,12,2016,1,19,4,1,1,1993,0
25175,1215,37,1,15,12,2015,1,20,4,1,1,2010,1
57219,276,25,3,19,5,2016,2,46,20,0,1,2006,0
26717,109,40,2,25,1,2015,2,30,15,0,1,2007,1
4915,2016,6,1,14,8,2015,1,23,4,1,2,2007,1
65837,296,39,2,31,3,2016,2,22,4,1,1,2002,0
43403,2392,6,1,21,10,2016,1,66,4,1,2,2009,0
37212,47,55,2,17,2,2015,2,28,4,1,1,2002,1
67213,467,40,1,27,9,2016,1,19,4,0,1,2008,1
19593,452,28,3,14,10,2015,1,67,4,0,1,2012,0
16545,120,23,1,29,9,2015,1,37,4,1,1,2004,1
29603,529,45,2,11,8,2015,2,33,31,0,2,2005,0
27250,593,40,2,29,12,2015,2,32,14,0,1,2011,0
13525,274,18,1,24,5,2015,1,54,31,1,1,2007,1
43830,2765,6,1,18,11,2016,2,47,5,0,1,2014,0
45489,66,9,1,25,2,2016,2,25,2,0,1,2002,1
45940,28,12,1,22,1,2016,1,28,4,1,1,2004,1
56968,46,25,1,2,4,2016,2,30,4,1,1,2015,0
58172,715,26,2,23,9,2016,2,37,4,1,1,2010,1
54153,151,20,1,21,6,2016,1,24,20,0,1,2003,1
69060,990,42,1,30,11,2016,2,24,4,0,1,2000,1
7510,256,12,1,25,2,2015,2,88,14,0,1,1999,0
77228,351,53,1,12,9,2016,2,33,4,0,1,2003,0
42808,1888,6,2,28,8,2016,1,56,4,0,1,2000,0
49008,2777,12,1,14,12,2016,2,76,4,0,1,2014,0
64349,525,37,1,30,5,2016,1,41,14,0,1,2002,1
31783,442,48,1,5,3,2015,1,55,4,1,1,2002,1
71858,265,48,1,5,2,2016,1,29,14,1,3,2001,1
15873,230,22,1,11,5,2015,1,28,14,1,1,2005,1
13841,572,18,1,5,10,2015,2,19,4,0,1,2010,1
28547,754,42,1,27,9,2015,2,20,30,1,7,2004,1
68730,739,42,1,19,7,2016,1,39,2,1,3,2008,0
25680,212,39,1,23,4,2015,1,66,20,0,1,2011,0
45285,451,8,1,19,10,2016,2,38,21,0,1,2002,0
46110,155,12,1,28,1,2016,2,91,4,1,1,2014,0
13654,394,18,1,10,6,2015,2,54,21,2,2,1994,1
31498,198,48,1,24,1,2015,1,17,15,0,1,2009,1
6379,158,8,1,5,5,2015,1,48,4,1,1,2010,1
74166,2272,48,1,3,9,2016,1,26,4,0,2,1998,1
63762,26,37,2,20,1,2016,1,29,31,0,2,2013,0
36081,575,51,1,5,11,2015,2,18,14,2,2,2003,1
14788,16,21,2,9,1,2015,1,50,14,1,4,1997,0
52059,542,17,1,26,7,2016,1,25,31,0,1,2009,1
1204,141,4,1,7,3,2015,1,41,16,2,3,2005,0
16561,134,23,2,28,11,2015,1,64,4,1,1,1998,1
9922,2527,12,3,16,12,2015,2,48,6,0,1,2007,0
486,374,1,1,31,7,2015,1,23,4,0,1,2005,1
30477,227,47,1,21,4,2015,1,33,14,0,1,1997,1
63353,647,36,1,26,9,2016,1,66,4,0,1,2006,0
17075,432,24,1,22,12,2015,2,43,4,0,1,2012,1
21182,198,31,1,3,12,2015,1,31,4,1,3,2004,1
10759,420,13,1,23,3,2015,2,15,14,1,2,2002,0
71452,890,47,5,26,11,2016,2,18,4,0,1,2002,1
71152,615,47,1,27,7,2016,1,78,4,0,1,2004,1
76003,12,51,1,8,1,2016,2,38,6,1,1,1998,0
16092,444,22,1,31,8,2015,1,24,14,0,1,2008,0
58348,861,26,1,21,11,2016,2,49,4,0,1,2010,0
231,167,1,1,11,4,2015,1,23,2,1,1,2003,1
42369,1510,6,1,19,7,2016,2,27,4,1,1,2006,1
57632,234,26,1,26,4,2016,1,22,14,1,1,2004,1
20059,241,29,1,14,5,2015,2,20,31,1,1,1995,1
6327,114,8,1,3,4,2015,2,23,14,1,2,1998,0
32777,1289,48,2,13,6,2015,2,37,4,0,3,2010,0
40331,222,5,1,18,6,2016,1,63,31,0,1,2006,0
47737,1617,12,1,5,8,2016,2,46,4,1,1,2003,1
70527,72,47,2,7,2,2016,1,43,4,0,1,2001,1
10494,205,13,1,4,3,2015,1,28,30,1,1,1990,1
68236,268,42,1,7,4,2016,2,65,6,1,1,2013,0
44409,3277,6,1,17,10,2016,2,77,4,1,1,2005,0
70738,249,47,1,25,4,2016,2,64,15,0,1,2009,1
30589,313,47,1,24,5,2015,1,56,14,1,1,1988,1
41310,539,6,1,1,2,2016,2,68,6,1,2,2012,1
74233,2325,48,2,9,9,2016,1,22,15,1,1,2005,1
51492,32,17,1,20,1,2016,1,19,4,1,1,1998,1
14338,211,19,2,25,9,2015,1,18,30,0,1,2010,0
70982,447,47,1,30,6,2016,2,23,30,0,1,2006,1
5936,2929,6,1,26,9,2015,2,21,2,0,1,2004,0
19351,253,28,2,27,6,2015,1,54,4,1,1,2000,0
39976,774,4,2,23,11,2016,1,62,20,0,1,1995,0
53352,629,18,1,31,10,2016,1,19,4,0,1,2000,1
9786,2400,12,1,18,10,2015,2,19,3,0,1,2007,1
22622,71,36,1,19,2,2015,2,27,2,0,1,2012,1
70371,31,46,1,3,6,2016,1,26,4,1,1,1998,0
24957,1048,37,2,1,11,2015,2,22,4,0,2,1997,0
19204,129,28,1,6,4,2015,1,35,31,2,4,2007,0
71162,627,47,1,28,8,2016,1,17,31,1,4,2003,1
77711,4,55,1,7,1,2016,1,30,2,1,1,2000,0
71190,646,47,1,12,9,2016,1,41,4,1,1,2007,1
20531,649,29,1,30,10,2015,1,49,31,0,1,2012,1
45775,24,10,1,26,1,2016,1,60,14,0,1,2016,1
75266,3224,48,1,6,12,2016,1,52,31,1,2,2009,1
33596,2025,48,1,31,8,2015,2,35,20,0,1,2009,1
349,266,1,1,26,5,2015,1,17,4,1,1,2006,1
6148,3103,6,2,11,12,2015,2,75,30,0,2,2015,0
77084,219,53,1,11,2,2016,2,84,5,1,2,2014,0
73543,1698,48,1,8,7,2016,1,18,4,1,2,2012,0
14862,69,21,4,8,2,2015,1,34,4,0,2,1993,0
59416,396,28,1,20,8,2016,1,29,31,1,1,2007,0
78389,75,56,1,14,9,2016,1,25,14,1,3,2004,1
58502,982,26,1,11,11,2016,2,22,2,1,1,2012,0
5253,2347,6,1,24,12,2015,2,29,4,1,1,2015,0
33261,1732,48,3,5,2,2015,1,57,14,0,1,2014,0
17523,36,26,1,6,2,2015,1,32,14,1,1,2008,0
52672,24,18,1,16,1,2016,1,24,31,0,2,2005,1
26506,1006,39,2,16,12,2015,2,25,4,1,1,2008,1
77772,52,55,1,25,2,2016,2,35,4,1,3,2006,1
25933,455,39,1,5,7,2015,1,16,4,0,2,2012,1
32517,1071,48,1,15,3,2015,2,57,4,1,2,2012,0
12587,384,17,2,17,6,2015,2,35,3,0,1,2008,0
71337,796,47,1,25,10,2016,1,23,14,1,2,2005,0
26899,275,40,1,4,7,2015,1,32,15,1,4,2004,1
4495,1691,6,1,17,4,2015,2,23,20,0,1,2003,1
652,516,1,1,17,9,2015,1,73,20,1,3,2010,0
5366,2447,6,1,9,11,2015,1,24,4,1,3,2015,0
30531,261,47,4,2,5,2015,2,33,4,0,2,2011,1
29539,471,45,1,6,7,2015,1,19,4,1,3,2007,0
30808,517,47,1,15,8,2015,2,28,15,1,2,2002,1
39745,561,4,2,12,9,2016,2,19,6,1,2,2009,1
43010,2067,6,1,7,9,2016,1,74,31,1,2,1997,0
65834,294,39,1,20,5,2016,1,58,31,1,1,2004,1
11293,854,13,1,5,9,2015,2,39,4,0,3,2007,1
47031,998,12,2,12,5,2016,1,19,4,2,2,2002,0
11800,1276,13,1,19,12,2015,2,24,2,0,2,2004,0
37761,523,55,1,25,7,2015,1,24,4,0,1,2004,1
54188,185,20,1,18,7,2016,1,24,14,0,1,2007,1
14267,141,19,1,29,7,2015,1,23,4,0,1,2013,1
1465,413,4,1,19,6,2015,2,25,1,1,2,1999,0
39437,307,4,1,29,5,2016,2,27,14,1,1,2002,0
50776,1165,13,3,24,10,2016,2,73,15,0,1,2011,0
51917,417,17,1,14,6,2016,1,46,30,1,1,2003,1
48856,2644,12,2,7,12,2016,2,55,31,0,1,2014,0
14286,159,19,1,15,8,2015,1,34,14,0,3,2000,0
30999,693,47,1,20,10,2015,1,62,31,0,1,2002,1
27648,349,41,2,11,12,2015,1,30,31,1,3,1993,0
35136,80,49,1,18,5,2015,1,58,4,1,1,2004,0
72459,775,48,1,8,3,2016,1,22,15,1,6,2004,1
11213,788,13,1,13,6,2015,2,70,4,0,1,2014,0
15420,542,21,1,25,10,2015,1,20,3,1,1,2003,1
70950,419,47,2,20,6,2016,1,35,20,1,2,2008,1
771,616,1,1,18,10,2015,1,19,30,1,1,2007,0
74153,2262,48,1,29,8,2016,2,26,30,0,1,2007,1
68117,151,42,1,19,3,2016,2,19,4,0,2,2011,1
51465,7,17,1,1,1,2016,1,64,2,1,1,2000,0
34766,3039,48,1,30,12,2015,2,38,2,1,2,2009,1
74410,2487,48,2,1,10,2016,2,25,31,0,1,2005,0
66918,188,40,1,18,5,2016,2,58,14,0,1,2002,0
59120,135,28,1,6,4,2016,1,20,4,1,1,2006,0
26692,91,40,1,25,3,2015,2,29,31,1,1,2003,0
43357,2355,6,1,26,11,2016,1,21,15,1,2,2004,0
5985,2966,6,2,13,5,2015,2,59,14,0,1,2005,1
27462,193,41,1,12,1,2015,1,31,3,2,2,2000,0
21660,102,33,1,30,12,2015,2,26,4,1,1,2006,1
32798,1307,48,2,12,4,2015,1,30,4,1,1,2008,1
20393,534,29,1,4,9,2015,1,47,31,1,1,2002,0
20292,437,29,3,8,8,2015,1,36,6,0,2,2011,0
32527,1082,48,1,16,4,2015,1,25,4,1,1,1997,1
14836,51,21,2,31,1,2015,1,34,6,0,1,2011,0
68130,162,42,1,31,3,2016,1,25,4,1,1,2003,1
70686,201,47,1,7,4,2016,1,48,2,1,2,1997,0
21397,153,32,3,5,9,2015,2,32,31,0,1,2010,0
46484,508,12,1,6,3,2016,2,40,15,0,1,2006,0
60870,166,30,1,26,11,2016,1,18,14,1,2,1999,1
44550,3392,6,1,24,12,2016,2,25,4,0,1,2015,1
67099,346,40,1,9,8,2016,1,67,31,1,1,2001,0
48848,2639,12,1,12,12,2016,1,63,20,1,3,2000,0
45770,20,10,2,16,3,2016,1,17,31,0,2,1998,1
39744,561,4,1,12,9,2016,2,66,31,0,1,2013,1
58448,942,26,1,7,11,2016,2,19,14,0,1,2005,1
4462,1662,6,1,5,9,2015,2,37,3,1,3,1974,0
33236,1711,48,1,25,7,2015,1,22,4,1,3,2012,1
71128,590,47,1,24,8,2016,1,32,31,1,1,2007,1
64794,901,37,1,5,9,2016,1,23,2,1,1,1998,1
75336,3278,48,1,12,12,2016,2,54,14,0,3,2010,1
32933,1425,48,1,27,6,2015,1,19,4,1,2,1998,1
77535,95,54,1,18,6,2016,2,33,14,1,2,1998,0
74523,2581,48,1,10,10,2016,2,29,31,1,1,2008,1
12826,612,17,1,29,8,2015,1,32,30,0,2,2001,0
12303,115,17,1,10,4,2015,1,62,31,0,1,1991,0
46844,833,12,1,23,4,2016,2,22,14,1,2,2006,1
26302,816,39,1,15,10,2015,1,73,14,1,1,2009,1
52793,120,18,1,16,3,2016,2,87,4,1,1,2002,0
5534,2583,6,1,15,11,2015,1,23,31,1,1,2006,0
14115,5,19,2,5,1,2015,1,36,20,0,1,2002,1
54349,333,20,1,25,9,2016,1,33,40,0,1,2014,1
13761,496,18,1,2,9,2015,1,57,30,1,1,2003,0
38471,491,1,1,14,8,2016,1,16,30,0,1,2003,1
24460,647,37,1,12,7,2015,1,71,31,0,2,2014,0
18731,93,27,1,26,4,2015,1,24,4,0,1,2005,1
6822,33,9,3,3,1,2015,2,26,4,0,2,2008,1
72867,1129,48,1,6,5,2016,2,19,4,1,4,2002,0
60835,137,30,1,16,9,2016,1,26,6,1,1,2013,1
38536,555,1,1,9,9,2016,1,33,14,1,1,2001,1
25889,415,39,1,18,6,2015,1,36,4,1,1,2013,1
32866,1362,48,1,5,6,2015,2,21,4,2,4,2005,1
30812,520,47,1,20,8,2015,1,30,30,1,1,1997,1
31207,864,47,1,24,12,2015,1,81,31,1,1,2003,1
11902,23,15,1,15,4,2015,2,20,4,1,3,2003,1
68208,239,42,2,26,4,2016,2,69,31,0,2,2014,0
75245,3210,48,1,3,12,2016,1,32,15,0,1,2006,1
60336,554,29,1,5,9,2016,2,60,15,0,1,2000,1
20022,209,29,1,30,4,2015,1,38,31,1,1,2001,1
74935,2932,48,1,3,11,2016,1,17,31,1,1,2003,0
52331,789,17,1,15,6,2016,2,41,14,0,1,2004,1
44690,3509,6,1,29,8,2016,2,58,20,0,1,2003,1
70659,175,47,1,29,3,2016,2,22,4,1,1,2004,1
55691,299,22,1,11,6,2016,1,22,31,0,1,2008,1
49894,395,13,1,20,4,2016,1,20,2,1,1,2004,1
52399,858,17,1,29,10,2016,2,49,20,0,1,2005,1
56706,314,24,2,23,7,2016,1,30,20,0,3,2015,0
22429,171,35,1,19,9,2015,1,28,5,1,1,2006,1
69139,1050,42,2,9,12,2016,1,48,15,0,1,2016,0
49324,3060,12,1,8,12,2016,2,21,31,0,1,2005,0
53810,214,19,2,30,8,2016,1,20,3,0,2,2000,0
75406,3332,48,1,20,12,2016,2,76,14,1,1,2004,1
16706,110,24,1,29,4,2015,2,32,4,0,1,2000,1
62126,464,34,1,21,10,2016,2,22,4,0,2,2006,0
30223,16,47,1,18,1,2015,1,18,2,1,1,2006,1
3567,948,6,1,13,5,2015,2,50,31,0,1,2006,0
7958,671,12,1,16,1,2015,2,24,4,2,4,1995,0
60492,711,29,1,20,10,2016,2,34,31,0,1,2004,1
18193,607,26,1,14,9,2015,2,50,4,1,2,2004,1
1224,159,4,1,17,3,2015,1,54,30,1,1,1999,1
31163,826,47,1,6,12,2015,1,82,5,1,1,2009,1
36883,7,54,1,11,1,2015,1,21,4,1,5,2005,0
34046,2417,48,1,13,9,2015,2,25,3,1,2,2013,0
34028,2397,48,1,15,10,2015,2,31,31,0,1,1992,1
40694,25,6,1,11,1,2016,2,21,20,1,1,2006,1
40595,454,5,1,1,10,2016,1,20,31,1,2,1985,0
70863,350,47,2,21,5,2016,2,29,32,0,1,2011,1
62450,186,35,2,30,7,2016,2,69,4,0,2,2012,0
22738,175,36,1,12,4,2015,2,68,20,1,1,2000,0
74875,2883,48,2,28,10,2016,1,83,20,1,1,1997,0
45347,506,8,1,13,11,2016,2,51,6,0,1,2016,1
6393,170,8,1,14,5,2015,2,42,6,1,1,2006,1
62095,435,34,3,14,7,2016,2,45,4,0,1,2015,0
33708,2119,48,1,13,9,2015,1,28,20,1,2,2006,1
77704,252,54,1,31,12,2016,1,53,31,1,2,2006,0
67449,40,41,2,30,1,2016,2,54,6,0,3,2011,0
31935,561,48,1,19,3,2015,1,38,14,1,1,1996,1
36589,310,53,3,27,8,2015,2,52,2,0,1,2007,0
74929,2924,48,1,14,11,2016,1,34,31,1,2,2013,1
57736,326,26,1,2,6,2016,2,67,4,1,1,2007,1
26438,946,39,1,11,11,2015,2,65,31,1,1,1997,0
51674,180,17,1,24,3,2016,1,19,4,1,3,2007,0
52993,299,18,2,20,3,2016,1,31,6,0,3,2010,0
1589,527,4,2,21,8,2015,2,17,4,1,4,2000,1
70951,420,47,1,12,6,2016,1,37,4,1,1,2007,1
61586,129,33,1,27,12,2016,2,36,6,1,1,2013,0
34109,2479,48,1,19,10,2015,2,27,4,1,1,2012,1
32894,1389,48,2,20,6,2015,2,26,4,0,2,2014,0
39776,585,4,2,29,8,2016,2,26,4,0,1,1998,0
710,563,1,1,7,10,2015,1,30,31,1,1,1999,1
71145,609,47,2,1,9,2016,2,26,30,0,1,2006,1
37872,104,56,1,3,10,2015,1,34,4,1,2,2013,0
1480,425,4,1,1,7,2015,1,31,4,0,1,2008,1
31164,826,47,2,6,12,2015,1,29,20,0,5,2001,1
9586,2211,12,1,9,11,2015,1,19,31,0,1,2004,1
29006,6,45,1,3,1,2015,2,20,4,1,4,2004,0
75111,3099,48,1,25,11,2016,1,59,4,1,1,2004,0
70695,210,47,1,7,4,2016,1,28,4,1,1,2014,1
62286,27,35,1,10,1,2016,1,19,31,0,3,2010,0
62383,119,35,2,14,5,2016,1,65,14,0,1,1998,0
18213,630,26,1,25,9,2015,1,15,21,0,2,2011,0
30530,261,47,3,2,5,2015,2,39,14,0,3,2003,1
48281,2134,12,2,6,9,2016,2,40,15,0,2,2007,0
16353,654,22,1,18,12,2015,2,52,6,1,1,2013,0
27007,381,40,1,25,7,2015,1,53,31,0,1,1993,1
34807,3075,48,1,23,12,2015,1,16,31,1,4,2010,1
71254,708,47,3,22,9,2016,1,32,4,0,1,2002,1
48335,2180,12,1,6,10,2016,2,32,4,1,1,2000,1
31607,289,48,1,2,2,2015,1,32,31,1,1,2007,1
37711,485,55,1,11,12,2015,1,54,5,0,1,2011,1
30540,268,47,1,12,3,2015,2,20,4,0,1,1999,1
62149,483,34,2,15,9,2016,2,24,4,1,1,2005,1
344,263,1,1,25,5,2015,1,17,4,0,1,1998,0
13495,245,18,1,21,5,2015,1,20,20,2,4,2004,0
57310,348,25,1,23,11,2016,2,17,31,0,1,2007,1
72800,1059,48,1,1,5,2016,1,56,15,1,2,2003,0
55358,20,22,1,31,1,2016,1,39,31,1,1,1998,0
10980,589,13,1,18,6,2015,1,22,31,0,1,2005,0
70824,318,47,2,16,5,2016,1,73,31,0,1,2002,1
76482,428,51,1,27,8,2016,1,32,2,0,2,2002,0
30417,175,47,2,5,4,2015,2,34,15,0,6,2015,1
37218,48,55,6,23,1,2015,2,34,14,0,1,2009,0
57658,253,26,1,15,5,2016,1,86,14,0,1,2008,0
12043,71,16,1,15,6,2015,1,47,31,1,1,2014,1
59780,54,29,1,29,1,2016,1,71,4,1,1,2002,0
60193,420,29,1,18,7,2016,1,52,4,1,1,2005,1
73143,1361,48,1,29,5,2016,2,23,5,1,1,2013,1
64283,464,37,1,19,5,2016,1,27,4,0,1,2005,1
72770,1033,48,1,28,4,2016,1,53,30,1,2,2001,1
6748,489,8,1,11,12,2015,1,36,15,0,1,2007,1
59381,362,28,2,29,7,2016,1,37,4,0,1,2016,1
45529,101,9,3,7,7,2016,1,39,5,0,1,2010,0
34241,2596,48,1,29,10,2015,1,25,31,0,1,2015,1
65893,339,39,2,3,6,2016,2,32,4,0,1,2011,0
10075,2663,12,1,28,12,2015,1,46,31,0,1,2001,0
10990,597,13,1,20,6,2015,1,18,2,1,1,2003,0
47903,1779,12,1,22,8,2016,2,58,21,0,1,2008,1
70643,158,47,1,21,3,2016,2,28,30,1,1,2000,1
22012,316,34,1,25,8,2015,2,27,14,0,1,2009,1
73924,2053,48,1,2,8,2016,2,22,14,0,3,2015,1
13155,920,17,1,17,9,2015,2,29,4,1,1,2010,0
63369,664,36,1,4,10,2016,1,90,4,1,1,2001,0
29340,271,45,2,5,5,2015,1,21,4,1,4,2003,0
25246,1271,37,1,9,12,2015,2,45,20,0,1,1996,0
68679,693,42,1,12,7,2016,1,35,20,1,1,2003,0
20299,444,29,1,11,8,2015,1,83,31,1,1,2004,0
31211,868,47,1,17,12,2015,1,31,30,1,2,1990,1
57214,272,25,2,24,11,2016,2,21,14,0,1,2004,0
45564,139,9,1,29,8,2016,2,55,4,1,1,2001,0
44691,3509,6,2,29,8,2016,2,50,14,1,4,2002,0
4691,1838,6,1,6,9,2015,1,34,15,0,5,2011,0
74183,2279,48,2,7,9,2016,1,23,31,0,1,2011,0
58851,289,27,1,22,10,2016,1,55,14,0,1,2014,1
69320,55,45,1,29,1,2016,1,48,15,0,1,2011,0
71373,828,47,1,5,11,2016,1,24,4,1,2,2006,1
22317,58,35,1,30,3,2015,1,27,4,1,1,2006,1
18910,263,27,2,21,9,2015,1,78,4,2,2,2011,0
34550,2852,48,1,30,11,2015,1,18,4,1,1,2003,1
11606,1116,13,1,7,11,2015,2,28,30,0,1,2005,1
6757,495,8,1,19,12,2015,1,34,31,1,2,2001,1
56391,44,24,2,14,1,2016,2,53,31,1,1,2005,0
35725,254,51,1,5,6,2015,1,17,2,1,1,1998,0
61094,186,31,1,16,12,2016,1,28,30,1,2,2000,0
61182,68,32,1,28,5,2016,1,73,30,1,1,2003,0
31187,845,47,1,19,12,2015,1,20,4,1,1,2006,1
30239,26,47,2,20,1,2015,2,77,4,1,1,1999,1
26927,313,40,1,30,7,2015,1,34,4,0,1,2014,1
26834,215,40,1,10,6,2015,1,32,2,0,1,2014,0
19994,182,29,2,21,4,2015,1,17,14,0,1,2000,0
15600,686,21,2,22,12,2015,1,50,4,0,2,2014,0
45811,56,10,1,6,8,2016,2,18,4,0,2,2014,1
47029,997,12,1,15,5,2016,1,32,4,2,2,2005,1
35631,174,51,1,28,4,2015,1,21,4,1,1,2008,1
29661,580,45,1,5,9,2015,2,56,31,0,5,2006,0
16507,83,23,1,11,8,2015,1,24,14,1,1,2000,1
78362,50,56,1,3,8,2016,2,31,4,1,1,2016,1
71990,382,48,1,20,2,2016,1,49,4,1,4,2015,1
22956,387,36,1,27,6,2015,2,24,4,0,1,2002,0
59853,121,29,1,9,3,2016,1,28,30,1,2,1999,0
76511,459,51,1,8,9,2016,1,49,4,1,2,1992,0
30612,329,47,1,7,6,2015,1,29,4,1,1,2008,1
30843,548,47,1,27,8,2015,1,27,14,0,5,2004,1
64578,711,37,2,16,7,2016,2,33,31,0,6,2015,0
77381,481,53,1,6,12,2016,1,24,3,1,1,1992,1
35380,16,50,1,2,7,2015,1,50,6,0,1,2010,0
10394,131,13,1,10,2,2015,2,17,31,0,1,2005,1
13454,212,18,1,9,5,2015,2,43,31,0,2,2001,0
16999,370,24,2,13,10,2015,2,55,4,0,1,2009,0
70857,347,47,1,28,5,2016,1,25,32,1,2,1995,1
46429,443,12,1,28,1,2016,2,83,20,1,2,2010,0
39702,526,4,1,20,8,2016,1,77,31,0,1,2003,0
71467,904,47,1,7,12,2016,2,33,14,1,3,2000,1
50484,885,13,1,25,8,2016,1,55,21,1,2,2002,0
69391,114,45,2,1,3,2016,2,34,4,0,1,2010,0
39808,618,4,2,31,8,2016,2,49,14,0,1,2000,0
17066,427,24,2,17,12,2015,2,20,5,0,1,2008,0
53887,288,19,1,11,9,2016,2,37,15,0,2,2001,0
61716,114,34,1,26,2,2016,2,60,21,0,2,2006,0
62057,409,34,1,23,10,2016,2,78,4,1,3,2015,0
39891,700,4,1,1,10,2016,2,33,6,0,1,2015,1
43533,2517,6,1,2,8,2016,2,55,15,0,1,2005,1
14488,63,20,2,29,3,2015,2,66,14,0,1,2013,0
14240,115,19,1,3,7,2015,1,40,31,0,1,2008,1
659,522,1,1,31,8,2015,2,52,15,0,1,2007,1
76753,664,51,1,22,12,2016,1,82,4,1,1,2016,0
33749,2151,48,1,7,9,2015,1,48,31,1,4,2012,0
13229,7,18,1,7,1,2015,1,31,4,1,1,2011,1
52271,731,17,1,26,8,2016,2,26,4,0,2,2011,0
63087,394,36,1,3,7,2016,2,27,4,1,1,2008,0
43628,2597,6,1,11,12,2016,2,29,6,0,1,2007,1
67193,448,40,1,14,10,2016,1,34,31,1,2,2003,1
44486,3342,6,1,3,3,2016,2,73,31,0,1,2014,0
53287,574,18,1,5,10,2016,1,41,14,0,1,2005,1
41680,897,6,1,16,2,2016,2,77,4,1,1,2008,0
63517,805,36,2,19,11,2016,2,85,4,0,1,2013,0
71451,890,47,1,26,11,2016,2,18,14,1,4,2000,1
60755,37,30,1,30,3,2016,2,23,14,0,1,2014,1
73756,1895,48,1,29,7,2016,1,26,14,1,1,2001,0
1383,334,4,2,13,5,2015,2,36,10,0,1,2005,0
76998,147,53,1,11,5,2016,1,43,16,1,3,2003,1
46376,390,12,1,14,3,2016,2,24,4,1,2,2006,0
41333,563,6,1,23,3,2016,2,36,31,1,1,2014,1
2604,60,6,3,13,1,2015,2,55,4,0,1,1996,0
45349,508,8,1,14,11,2016,1,56,3,1,1,1996,1
74043,2167,48,2,12,8,2016,1,41,4,0,2,2003,0
28433,666,42,1,28,8,2015,2,31,21,1,1,2006,1
55502,138,22,2,20,3,2016,2,46,15,1,2,1996,0
28814,986,42,3,30,10,2015,2,54,4,0,3,2001,0
70529,74,47,1,10,2,2016,1,36,4,1,1,2003,1
42932,1997,6,3,13,6,2016,1,43,30,0,1,1993,0
66392,815,39,1,30,9,2016,2,40,4,1,1,2013,1
41562,786,6,2,1,2,2016,2,33,4,0,1,2013,0
61898,272,34,2,17,7,2016,2,24,4,0,1,2001,0
30402,165,47,1,21,3,2015,1,69,31,1,1,2005,0
40651,500,5,1,19,12,2016,1,53,31,1,1,2016,1
26681,80,40,1,10,2,2015,1,27,14,1,1,1999,0
36785,457,53,1,15,11,2015,2,23,4,1,2,2002,0
17449,298,25,2,13,4,2015,2,87,4,1,1,2001,0
57375,28,26,2,25,1,2016,1,63,31,0,2,2011,0
50397,823,13,2,12,8,2016,2,43,21,0,3,1997,0
74933,2930,48,2,2,11,2016,2,27,4,1,1,2007,0
8349,1032,12,1,6,5,2015,2,60,4,0,2,1996,0
66197,635,39,1,22,8,2016,1,68,2,1,1,2012,0
66518,934,39,1,14,11,2016,1,17,4,0,1,2005,1
66966,226,40,1,27,5,2016,2,42,31,0,1,2008,1
33281,1746,48,1,25,7,2015,2,22,6,1,2,2008,1
51371,150,16,1,26,8,2016,1,53,15,1,2,1999,0
75566,3480,48,1,17,12,2016,2,34,4,0,1,1995,1
68069,109,42,1,16,2,2016,1,57,4,1,1,2001,1
30915,622,47,1,25,9,2015,2,27,6,1,4,2004,0
14270,144,19,1,7,8,2015,1,18,31,1,1,1997,1
61704,103,34,1,29,1,2016,2,56,20,0,3,2006,0
32503,1059,48,1,1,2,2015,2,16,6,0,1,2007,1
35252,178,49,1,1,9,2015,2,22,31,2,4,2007,0
70656,172,47,1,22,3,2016,1,76,14,1,2,2014,0
51513,48,17,1,31,1,2016,2,53,14,0,1,2006,1
4827,1956,6,2,20,12,2015,1,28,4,0,2,2012,0
14949,131,21,2,24,3,2015,1,33,30,0,1,2005,0
16913,284,24,1,31,8,2015,1,26,14,1,1,2006,0
18059,487,26,1,7,8,2015,2,22,3,0,1,2013,1
68693,705,42,1,23,9,2016,2,17,14,0,1,2002,0
12417,213,17,1,9,5,2015,2,30,4,1,1,2004,0
39615,443,4,1,12,7,2016,2,22,14,1,1,2013,0
28143,376,42,1,16,4,2015,1,77,6,1,1,2011,0
2310,317,5,1,29,8,2015,2,24,4,0,1,2001,0
21518,262,32,1,14,12,2015,2,49,1,0,1,2008,0
57829,404,26,2,23,6,2016,2,45,14,0,1,2008,0
14396,261,19,1,5,12,2015,1,19,4,2,2,2010,1
34783,3051,48,2,15,12,2015,2,28,4,1,3,1999,0
51857,362,17,1,29,5,2016,1,25,14,0,1,1999,1
33621,2039,48,1,3,9,2015,1,32,31,1,1,2014,1
5903,2901,6,2,16,8,2015,2,19,4,1,1,1991,1
24876,984,37,2,12,10,2015,1,64,31,0,1,2000,0
57099,165,25,1,6,8,2016,2,21,2,1,2,2010,1
72145,512,48,1,26,2,2016,2,32,31,0,1,2015,1
30793,504,47,1,11,8,2015,1,26,4,1,1,2013,1
61989,353,34,1,28,9,2016,2,47,4,0,1,2000,1
59235,231,28,1,26,5,2016,1,22,4,0,1,2004,0
1387,339,4,1,14,5,2015,2,17,4,0,1,2002,1
