Unnamed: 0,casenum,statenum,vehnum,day,month,year,landuse,age,vfatcount,numoccs,modelyr,cellphone_use
1497,1362,12,1,11,6,2016,2,40,0,1,2008,1
836,191,42,1,17,3,2016,1,45,1,2,2003,1
1356,822,42,1,8,11,2016,2,21,0,2,2008,1
505,974,26,3,24,12,2016,2,71,0,1,2007,0
1467,504,8,1,30,12,2015,2,33,0,1,2003,1
1200,870,4,1,27,12,2016,2,33,0,1,2006,1
1630,593,22,1,25,9,2015,2,20,1,1,2011,1
150,3049,12,1,25,9,2016,2,23,1,1,2008,0
38,313,17,1,22,3,2015,2,19,0,3,2005,0
599,1269,37,1,18,12,2016,1,19,0,1,2001,0
1612,196,21,1,30,4,2016,1,35,1,1,1995,1
977,730,48,2,20,3,2016,1,18,3,4,2013,1
455,424,42,1,26,6,2016,1,73,0,2,2016,0
646,1298,13,2,22,12,2015,2,45,0,3,2003,0
1500,577,48,1,22,3,2015,1,17,2,2,2000,1
412,40,34,2,23,2,2015,2,46,0,2,2014,0
139,525,36,1,16,8,2015,1,31,2,3,2002,0
814,716,22,1,28,10,2016,2,35,1,1,2014,0
1046,890,47,5,26,11,2016,2,18,0,1,2002,1
438,1839,48,1,3,7,2016,1,52,1,1,2013,0
849,1287,13,1,23,11,2016,1,61,2,2,2010,1
163,1356,48,1,10,5,2015,2,18,0,1,2005,0
483,109,51,1,17,3,2015,2,58,0,1,2005,0
5,1101,12,2,29,5,2016,1,65,1,1,2010,0
634,69,27,4,1,4,2016,2,45,0,1,2009,0
361,910,17,1,29,11,2015,2,26,1,1,2007,0
269,1625,48,2,26,6,2016,1,26,1,1,1997,0
179,216,12,3,5,3,2016,2,35,0,3,2015,0
223,53,13,2,18,1,2016,2,34,0,2,2006,0
1157,931,47,1,14,12,2016,1,73,1,1,2008,1
356,1523,6,1,7,7,2015,2,34,1,3,2007,0
488,824,36,4,30,10,2015,2,27,0,1,2004,0
847,395,13,1,20,4,2016,1,20,1,1,2004,1
519,415,41,1,26,11,2016,2,58,1,1,2004,0
1542,680,21,1,28,11,2016,1,19,0,1,2004,1
1306,394,18,1,10,6,2015,2,54,2,2,1994,1
1435,357,25,1,14,10,2016,2,17,1,3,2003,1
339,780,18,1,28,12,2016,1,33,1,2,2000,0
42,2268,48,1,26,9,2015,2,22,1,1,2011,0
735,213,51,1,21,5,2016,1,28,1,1,1994,0
146,2342,12,1,2,12,2015,2,46,0,1,2010,0
1658,561,48,1,19,3,2015,1,38,1,1,1996,1
1450,1862,12,1,25,9,2015,2,45,0,1,2000,1
963,56,10,1,6,8,2016,2,18,0,2,2014,1
1486,318,47,2,16,5,2016,1,73,0,1,2002,1
536,119,16,1,20,7,2016,1,54,1,1,1989,0
481,107,21,1,15,3,2016,2,48,0,1,1999,0
1518,2881,6,1,20,11,2015,2,24,0,1,2002,1
1625,645,47,1,25,9,2015,1,57,1,1,2006,1
291,208,6,1,8,2,2015,2,49,1,1,1996,0
1146,329,18,1,20,6,2016,1,17,1,1,2000,1
1241,352,17,1,29,6,2015,1,58,1,1,1999,1
857,689,47,2,24,9,2016,1,38,0,1,2002,1
622,656,26,1,2,10,2015,2,72,0,1,2001,0
71,875,6,1,20,4,2015,2,80,0,1,2009,0
1050,59,20,1,20,3,2015,1,32,1,1,2005,1
875,1031,6,1,2,5,2015,2,36,0,4,2005,1
870,455,39,1,5,7,2015,1,16,0,2,2012,1
1618,330,21,1,17,6,2016,2,68,1,1,2007,1
362,466,24,3,27,12,2016,2,42,0,1,2012,0
70,423,12,1,5,1,2016,2,57,0,2,2009,0
1404,29,49,1,20,3,2016,1,21,0,2,2006,1
91,988,6,1,24,5,2015,2,28,0,1,1999,0
1461,1640,6,1,28,9,2015,1,22,1,3,2009,1
1276,507,17,1,16,7,2016,2,28,0,1,2008,1
1263,211,55,1,15,6,2016,2,38,1,2,2007,1
1544,1136,13,1,12,11,2015,1,19,1,1,2005,1
1097,378,8,1,10,9,2016,2,34,1,4,2016,1
95,15,32,1,22,1,2016,2,51,1,1,1995,0
392,283,34,2,21,6,2016,2,17,0,4,2010,0
600,413,48,1,25,2,2015,1,80,1,1,2007,0
1191,2644,12,1,7,12,2016,2,25,1,1,2005,1
292,314,47,1,30,5,2015,1,22,1,1,1992,0
882,2205,48,1,26,8,2016,1,29,1,2,2012,1
1140,1277,37,1,26,12,2016,2,27,0,1,1998,1
320,430,40,1,30,9,2015,1,21,0,1,2008,0
1396,531,47,1,20,8,2015,2,16,0,1,2004,1
110,86,13,1,27,1,2015,2,15,1,2,2005,0
1100,26,47,1,20,1,2015,2,21,0,2,2005,1
1295,613,39,2,28,8,2015,2,28,0,1,2001,1
93,2853,12,1,2,12,2016,2,21,0,1,2000,0
1525,3077,48,1,23,12,2015,1,19,1,2,1997,1
633,58,45,2,30,1,2016,1,77,1,2,2012,0
1234,833,12,1,23,4,2016,2,22,1,2,2006,1
1505,205,13,1,4,3,2015,1,28,1,1,1990,1
1019,465,51,1,18,9,2015,1,33,1,1,2000,1
1651,447,47,2,30,6,2016,2,57,1,2,1998,1
1557,708,47,3,22,9,2016,1,32,0,1,2002,1
156,362,27,1,31,12,2016,2,46,0,1,2012,0
1096,265,48,1,5,2,2016,1,29,1,3,2001,1
1464,341,47,1,26,5,2016,1,26,0,1,1999,1
365,271,40,1,3,7,2016,1,23,2,2,2008,0
157,307,29,1,3,6,2016,1,39,1,1,1997,0
171,47,6,1,7,1,2015,2,93,0,1,2001,0
1358,96,19,1,4,6,2015,1,38,1,1,2012,1
716,1047,48,1,23,4,2016,2,19,1,1,1997,0
230,3,8,2,4,1,2015,2,39,0,2,2007,0
1125,1172,13,1,27,10,2016,2,43,1,1,2002,1
1139,419,47,1,20,6,2016,1,46,0,1,2003,1
458,583,48,1,23,3,2015,2,41,0,2,2011,0
1072,997,12,1,15,5,2016,1,32,2,2,2005,1
286,365,4,1,7,6,2015,2,26,0,1,1994,0
734,2553,48,1,8,10,2016,1,22,0,1,2002,0
94,767,48,2,18,4,2015,2,39,0,4,2014,0
631,3323,48,3,18,12,2016,2,53,0,1,2005,0
162,775,29,1,4,12,2016,2,24,1,2,2011,0
1150,1917,48,1,10,8,2015,1,17,0,2,2011,1
815,98,20,1,13,3,2015,1,79,0,1,2005,0
430,1967,12,1,10,9,2016,2,21,0,3,2011,0
431,335,27,1,29,11,2016,1,15,1,2,2000,0
830,1130,12,1,20,2,2016,2,16,1,1,2006,0
1556,28,12,1,22,1,2016,1,28,1,1,2004,1
723,571,39,1,20,7,2016,1,22,1,1,2013,0
942,175,49,1,31,8,2015,2,67,0,1,2000,1
387,305,51,1,29,6,2016,1,80,1,1,2001,0
380,477,45,2,24,7,2015,2,38,0,1,2015,0
1269,438,34,2,3,8,2016,2,28,0,1,2014,1
1118,87,51,1,1,3,2016,2,61,0,1,2014,1
1235,1325,6,2,28,5,2015,2,45,0,1,2006,1
757,4,38,1,20,1,2016,1,43,1,1,2004,0
1197,695,47,1,14,9,2016,2,38,1,1,2016,1
1112,420,29,1,18,7,2016,1,52,1,1,2005,1
1215,202,48,1,29,1,2016,1,27,1,8,2003,1
1413,2479,48,1,19,10,2015,2,27,1,1,2012,1
1303,264,12,1,28,2,2015,1,21,1,1,2011,1
1014,52,55,1,25,2,2016,2,35,1,3,2006,1
1517,109,40,2,25,1,2015,2,30,0,1,2007,1
1121,805,29,1,25,11,2016,1,17,1,1,2005,1
1504,824,1,1,4,12,2016,1,16,1,1,2010,1
681,1401,48,3,8,6,2016,1,25,0,1,2008,0
1285,345,47,1,10,6,2015,2,45,0,1,2007,1
838,674,39,1,28,8,2016,1,50,1,3,2002,1
31,269,21,2,21,4,2016,1,56,0,1,2001,0
553,290,26,1,14,6,2015,2,21,0,2,2009,0
492,8,25,1,18,1,2015,1,18,1,3,2003,0
725,57,18,1,3,2,2016,2,31,1,3,2002,0
1649,378,47,1,26,6,2015,2,25,0,1,2005,1
1644,46,27,2,29,2,2016,1,20,0,1,2008,1
1182,620,17,1,27,8,2016,1,22,1,1,2010,1
1493,127,47,1,5,3,2016,2,27,1,2,2015,1
136,2089,6,1,9,11,2015,1,47,1,2,2015,0
1002,374,1,1,31,7,2015,1,23,0,1,2005,1
36,140,21,2,1,4,2016,1,29,0,2,1999,0
957,1374,48,1,16,6,2015,2,20,0,1,2001,1
595,481,29,2,7,8,2016,1,65,0,1,1999,0
101,1030,13,1,18,10,2015,1,30,1,4,2006,0
1171,700,47,1,28,9,2016,2,29,1,1,2005,1
1273,349,47,1,17,6,2015,2,19,1,1,2012,1
588,3034,12,1,13,8,2016,2,43,0,2,2004,0
1384,2924,48,1,14,11,2016,1,34,1,2,2013,1
858,2002,48,1,26,8,2015,1,51,1,1,2003,1
437,2910,6,1,13,5,2016,2,69,0,1,2011,0
60,2772,48,1,31,10,2016,2,43,1,1,2003,0
330,611,42,1,27,12,2015,2,26,1,2,2006,0
1264,420,47,1,12,6,2016,1,37,1,1,2007,1
1572,504,47,1,11,8,2015,1,26,1,1,2013,1
897,828,47,1,5,11,2016,1,24,1,2,2006,1
1044,854,13,1,5,9,2015,2,39,0,3,2007,1
1347,965,39,1,26,10,2015,2,34,1,1,2003,1
1539,383,8,1,30,9,2015,1,40,1,1,2010,1
1282,495,8,1,19,12,2015,1,34,1,2,2001,1
161,2294,48,1,3,10,2015,2,36,0,5,1996,0
327,212,8,1,20,6,2015,1,53,1,1,2014,0
253,791,45,1,20,11,2015,1,22,0,1,1994,0
1442,1307,48,2,12,4,2015,1,30,1,1,2008,1
1230,728,48,2,8,4,2015,1,53,1,2,1998,1
1457,968,48,1,9,5,2015,2,17,1,1,1999,1
755,409,13,1,25,4,2016,2,42,2,2,2005,0
190,112,21,1,9,3,2015,2,27,0,1,2000,0
584,2207,6,1,1,12,2016,1,23,0,2,2006,0
119,169,41,1,18,6,2016,1,21,1,1,2012,0
1201,525,37,1,30,5,2016,1,41,0,1,2002,1
1195,2272,48,1,3,9,2016,1,26,0,2,1998,1
726,1661,6,2,11,10,2015,1,53,1,1,1999,0
1260,3097,6,1,26,8,2015,1,35,0,1,2014,1
1020,301,20,1,29,10,2016,1,18,1,1,2004,1
1537,403,47,1,12,1,2015,2,37,1,2,2000,1
643,213,17,3,9,4,2016,2,20,0,1,2002,0
1538,3036,6,1,1,7,2016,2,35,0,1,2013,1
920,550,47,2,31,8,2015,2,54,0,1,2009,1
1377,1362,48,1,5,6,2015,2,21,2,4,2005,1
896,712,17,1,23,9,2016,2,18,1,1,2007,1
1398,57,42,1,31,1,2015,1,51,1,1,2012,1
864,131,32,1,28,4,2015,2,35,1,1,2004,1
62,230,40,1,28,5,2015,1,61,1,1,9999,0
12,410,28,2,24,9,2015,2,51,0,1,1999,0
544,163,39,1,22,3,2015,2,21,1,2,2005,0
262,20,40,2,15,1,2016,2,39,1,1,2001,0
529,569,47,1,20,6,2016,2,30,1,2,2001,0
624,1087,6,2,6,2,2016,2,19,0,2,1998,0
0,3053,6,1,26,12,2015,2,43,0,2,2011,0
247,89,40,1,10,3,2016,2,31,1,1,1999,0
306,69,41,1,31,3,2016,1,51,1,1,2003,0
366,704,42,22,7,1,2015,1,34,0,1,1999,0
768,233,40,1,27,6,2015,1,34,0,1,2008,0
494,304,48,1,10,2,2016,2,18,1,2,2006,0
1406,554,29,1,5,9,2016,2,60,0,1,2000,1
305,26,46,1,1,5,2016,1,20,2,2,1998,0
1382,838,17,1,22,10,2016,2,43,0,1,2013,1
102,344,21,2,25,7,2015,1,17,0,1,2005,0
421,683,6,1,9,5,2016,1,62,1,1,2005,0
302,306,36,1,26,2,2015,1,33,1,1,2014,0
698,235,49,1,27,11,2015,2,66,1,2,2002,0
1621,3187,48,2,3,2,2015,1,32,3,3,2003,1
1429,510,51,1,24,9,2016,2,20,0,2,1996,1
1023,42,21,1,24,1,2016,2,45,1,1,2001,1
1243,2429,48,1,13,10,2015,1,33,1,1,1990,1
937,141,19,1,29,7,2015,1,23,0,1,2013,1
196,5,32,1,13,1,2016,2,37,1,1,2005,0
1386,136,6,1,28,1,2015,1,23,0,1,2007,1
1647,95,10,1,6,7,2016,1,18,0,1,2009,1
309,564,4,1,16,9,2016,2,35,1,4,2000,0
709,1717,12,2,17,8,2015,2,29,0,1,2014,0
621,1040,13,1,21,10,2015,2,72,1,2,2010,0
567,931,13,2,23,9,2015,1,56,1,1,2014,0
609,519,36,2,23,7,2016,2,49,0,1,2012,0
1255,178,39,1,4,4,2015,2,31,1,1,1994,1
404,1531,6,1,14,5,2016,2,45,0,2,2003,0
401,1036,42,1,19,11,2016,1,58,1,1,2000,0
1558,349,18,1,27,6,2016,1,20,0,1,2010,1
1594,3465,48,1,19,12,2016,2,16,1,3,2010,1
745,232,39,2,17,4,2015,1,56,1,1,2002,0
333,1278,48,4,23,5,2016,1,39,0,2,2005,0
804,344,37,2,18,3,2015,1,33,1,2,1994,0
1278,815,39,1,30,9,2016,2,40,1,1,2013,1
476,281,28,1,16,6,2016,1,47,3,3,2007,0
786,835,45,1,29,11,2016,2,53,1,2,2000,0
866,871,47,2,17,11,2016,2,55,1,1,2011,1
1308,859,47,2,13,12,2015,1,34,0,1,1995,1
46,517,21,1,26,9,2016,1,39,1,4,2004,0
459,685,18,2,23,9,2015,1,48,0,2,2012,0
135,138,17,1,5,3,2016,1,17,1,3,2009,0
1632,321,6,1,16,2,2015,1,48,0,1,2010,1
1025,351,47,1,18,6,2015,1,61,1,1,2001,1
660,119,21,3,15,3,2016,2,60,1,2,1999,0
1422,560,29,1,19,9,2015,1,17,1,3,2007,1
509,249,5,1,15,7,2016,1,39,4,4,1997,0
1027,167,1,1,11,4,2015,1,23,1,1,2003,1
344,3,33,1,12,1,2016,2,76,1,1,2011,0
1151,249,47,1,25,4,2016,2,64,0,1,2009,1
913,3567,6,1,9,11,2016,2,58,0,1,1998,1
1503,382,48,1,20,2,2016,1,49,1,4,2015,1
134,1138,13,1,19,10,2016,1,66,1,1,1992,0
941,883,48,1,9,4,2016,2,26,2,2,2013,1
314,2537,6,1,17,5,2015,2,22,1,1,2003,0
69,1001,6,1,10,7,2016,2,66,0,1,1999,0
1231,151,42,1,19,3,2016,2,19,0,2,2011,1
1552,71,36,1,19,2,2015,2,27,0,1,2012,1
591,1187,48,2,27,5,2015,2,29,1,1,1989,0
662,701,37,3,23,7,2016,2,22,0,1,2013,0
759,639,36,2,22,7,2015,2,62,0,1,2000,0
1387,2944,48,1,9,12,2015,2,64,1,1,2002,1
113,170,19,1,17,6,2016,2,74,0,1,2005,0
1052,1352,13,1,9,12,2016,1,46,1,1,2016,1
1321,264,8,1,27,7,2015,1,43,1,1,2013,1
933,448,40,1,14,10,2016,1,34,1,2,2003,1
1588,472,55,1,18,11,2016,1,21,1,3,1993,1
1274,582,17,1,4,9,2015,1,29,1,1,2007,1
1102,2119,48,1,13,9,2015,1,28,1,2,2006,1
578,772,29,1,27,11,2016,2,58,1,1,2002,0
881,206,47,2,9,4,2016,1,50,0,1,2004,1
1463,112,17,1,27,2,2016,1,21,1,4,2005,1
923,971,47,1,4,12,2016,1,35,1,2,2012,1
1327,2341,12,1,3,11,2016,2,49,0,1,1995,1
85,698,47,1,23,10,2015,2,54,0,1,1998,0
1304,422,42,1,11,6,2015,1,29,1,1,2004,1
1049,230,47,1,14,4,2016,2,56,1,1,2007,1
1660,83,23,1,11,8,2015,1,24,1,1,2000,1
451,216,18,1,14,5,2015,2,51,1,1,1995,0
936,927,47,2,30,10,2016,1,60,0,1,1994,1
863,901,37,1,5,9,2016,1,23,1,1,1998,1
1608,682,18,1,19,11,2016,1,26,0,1,2000,1
1305,485,55,1,11,12,2015,1,54,0,1,2011,1
693,244,1,2,7,5,2015,2,62,1,1,1998,0
1128,853,13,1,4,9,2015,1,27,1,5,2003,1
1510,137,30,1,16,9,2016,1,26,1,1,2013,1
1296,170,4,1,26,3,2015,2,21,1,5,2005,1
1645,526,37,1,7,6,2015,2,22,0,1,2009,1
1641,418,1,1,7,8,2015,1,17,1,1,1996,1
1134,865,17,1,14,12,2015,1,28,1,1,2003,1
1107,618,51,1,3,12,2015,1,32,1,2,2011,1
1239,1691,6,1,17,4,2015,2,23,0,1,2003,1
1383,464,37,1,19,5,2016,1,27,0,1,2005,1
377,372,29,2,16,7,2015,2,81,1,2,1998,0
1017,465,12,1,21,3,2015,1,41,0,1,1999,1
654,558,26,1,20,8,2016,2,32,0,1,2008,0
210,2342,48,2,14,9,2016,1,20,0,1,2002,0
1407,34,24,1,11,2,2015,1,27,1,1,2001,1
295,1457,6,1,27,8,2016,2,19,1,1,2016,0
1590,162,42,1,31,3,2016,1,25,1,1,2003,1
839,2025,48,1,31,8,2015,2,35,0,1,2009,1
1567,591,1,1,2,11,2015,1,30,1,1,1999,1
1309,289,47,2,20,5,2015,2,17,0,2,2005,1
571,962,36,1,27,11,2015,1,85,1,1,2011,0
834,629,18,1,31,10,2016,1,19,0,1,2000,1
118,259,24,1,23,8,2016,2,63,0,1,2006,0
326,96,5,3,21,3,2015,1,46,0,3,2014,0
1302,159,4,1,17,3,2015,1,54,1,1,1999,1
531,975,36,1,22,12,2015,1,37,1,1,2009,0
106,61,33,2,17,7,2016,1,37,0,2,2016,0
332,711,37,1,16,7,2016,2,49,1,1,2010,0
99,140,41,1,20,5,2016,1,20,1,1,1985,0
1075,45,33,1,13,5,2016,2,19,1,3,2004,1
607,230,25,3,22,8,2015,1,64,1,1,2000,0
1133,74,47,1,10,2,2016,1,36,1,1,2003,1
1373,5,25,1,18,1,2015,2,24,1,1,2001,1
192,185,53,1,10,6,2016,2,76,1,2,1996,0
393,120,28,2,7,3,2016,2,61,0,1,2003,0
486,62,19,1,17,4,2015,1,62,1,1,2004,0
121,1864,12,2,20,8,2016,2,52,0,5,1995,0
1607,185,20,1,18,7,2016,1,24,0,1,2007,1
115,892,6,2,22,4,2015,2,54,0,1,2009,0
59,260,4,2,21,4,2016,2,67,0,2,2006,0
1253,298,37,2,20,2,2015,2,32,0,1,2008,1
555,681,26,2,15,10,2015,2,37,1,1,2009,0
651,330,41,2,15,11,2015,2,31,1,4,2000,0
468,98,24,1,19,4,2016,2,24,1,1,2005,0
1597,349,8,1,4,8,2016,2,41,1,1,2016,1
147,831,45,1,27,11,2016,1,18,1,4,2003,0
851,37,47,1,23,1,2015,1,22,1,1,2003,1
15,2902,48,1,3,12,2015,2,69,0,1,2007,0
1148,445,47,1,24,7,2015,1,51,1,1,2007,1
705,711,42,1,26,8,2015,1,28,1,1,1995,0
391,38,13,2,15,1,2016,1,86,0,1,2002,0
1137,1186,48,1,10,5,2016,1,26,1,1,2015,1
497,8,45,2,5,1,2015,2,70,1,1,2002,0
207,56,24,2,15,3,2015,1,58,2,2,2014,0
1445,1755,48,1,30,7,2015,1,19,0,1,2000,1
1395,1425,48,1,27,6,2015,1,19,1,2,1998,1
641,3078,48,1,21,11,2016,1,64,1,2,2004,0
450,33,24,2,9,1,2016,2,48,1,1,2014,0
574,356,26,2,4,7,2015,2,42,1,4,2008,0
680,1959,12,1,17,5,2016,2,20,1,2,1993,0
442,84,37,2,31,1,2015,1,39,0,1,2004,0
186,1913,12,1,4,9,2016,2,23,0,1,1999,0
257,1322,12,1,21,5,2016,2,95,1,1,2006,0
802,1548,12,1,15,8,2015,2,62,1,1,2000,0
819,425,53,1,27,10,2015,1,48,1,3,2000,0
54,1274,37,2,26,10,2015,2,62,1,1,2006,0
1375,876,26,1,30,12,2015,1,31,0,1,2015,1
996,534,48,1,15,3,2015,2,33,0,1,2004,1
252,10,39,2,14,1,2016,1,66,1,2,2014,0
1527,61,29,1,10,2,2016,1,29,1,1,2011,1
1289,520,47,1,20,8,2015,1,30,1,1,1997,1
1138,767,1,1,13,10,2015,2,64,1,1,1995,1
1000,83,47,1,10,2,2015,1,20,0,1,1993,1
214,30,15,2,6,5,2016,2,50,0,1,2011,0
178,990,47,2,23,11,2016,2,52,1,1,2012,0
92,391,47,2,2,7,2015,1,67,1,2,1989,0
1408,607,26,1,14,9,2015,2,50,1,2,2004,1
1287,492,53,1,8,12,2016,2,30,0,1,1995,1
952,90,21,1,12,2,2015,1,57,1,1,1982,1
689,1220,13,1,8,11,2016,2,85,1,1,2001,0
1521,1059,48,1,1,2,2015,2,16,0,1,2007,1
1293,175,47,2,5,4,2015,2,34,0,6,2015,1
169,200,22,2,24,4,2016,1,27,0,1,2004,0
1176,261,47,4,2,5,2015,2,33,0,2,2011,1
1490,789,26,1,7,11,2015,1,17,1,1,1999,1
307,1360,12,1,18,7,2015,2,21,1,2,2002,0
770,1509,48,2,16,6,2016,2,34,0,2,2004,0
808,645,18,4,21,10,2016,1,51,0,1,1998,0
457,54,48,1,8,1,2016,2,40,1,1,2002,0
1353,134,25,1,5,9,2015,2,35,0,1,1998,1
1254,963,48,1,6,5,2015,2,21,1,1,2003,1
668,2605,6,1,13,12,2015,1,40,2,4,1998,0
729,691,36,1,30,6,2015,2,24,2,4,2010,0
966,261,47,3,2,5,2015,2,39,0,3,2003,1
1256,256,8,1,22,7,2015,1,28,1,1,2000,1
1454,454,47,1,29,6,2016,1,18,2,3,2004,1
570,510,55,1,25,12,2015,2,47,1,2,2000,0
628,126,55,1,16,4,2016,2,40,0,1,2014,0
41,159,26,1,31,3,2016,2,18,0,2,2009,0
929,132,24,1,2,5,2015,1,18,1,1,2003,1
1536,500,8,1,23,12,2015,2,35,2,2,2002,1
1245,24,10,1,26,1,2016,1,60,0,1,2016,1
1163,2517,6,1,2,8,2016,2,55,0,1,2005,1
184,541,45,1,11,8,2015,2,50,1,1,2010,0
274,494,5,1,13,12,2016,2,24,0,1,2007,0
1225,362,8,1,16,9,2015,1,35,0,1,2009,1
1559,1479,48,1,3,7,2015,2,40,0,1,2002,1
824,428,37,1,8,5,2015,1,52,0,1,1997,0
469,843,39,1,21,10,2016,2,37,1,2,1997,0
765,909,39,2,7,11,2015,2,60,0,1,2008,0
1242,871,47,3,17,11,2016,2,50,0,1,2013,1
1,180,1,2,18,4,2015,1,48,0,1,2014,0
663,516,4,1,15,8,2015,1,25,1,5,2004,0
650,130,32,2,9,7,2016,1,77,0,1,2005,0
1007,539,6,1,1,2,2016,2,68,1,2,2012,1
990,2315,48,1,5,10,2015,1,31,1,1,2011,1
194,275,55,1,6,8,2015,1,83,1,1,2005,0
1108,1447,48,1,24,6,2015,2,33,1,1,2011,1
1111,93,23,2,18,9,2015,1,27,0,1,2012,1
1380,438,40,1,8,10,2016,1,28,1,1,2004,1
51,356,51,1,27,7,2015,1,32,1,1,1998,0
435,386,48,1,30,1,2015,1,26,0,6,2015,0
267,1070,42,1,23,10,2015,2,80,1,1,1998,0
516,1206,13,3,3,12,2015,2,23,0,1,2015,0
1349,261,19,1,5,12,2015,1,19,2,2,2010,1
639,889,48,2,11,4,2016,1,34,0,1,2002,0
270,164,12,1,31,1,2015,2,62,0,1,2005,0
1381,2951,6,1,25,8,2016,2,24,0,1,2015,1
241,1169,48,2,22,1,2016,2,62,0,1,2011,0
554,877,4,2,15,11,2016,2,59,1,2,2002,0
329,639,12,2,9,4,2016,2,23,0,1,1999,0
1411,2273,12,1,24,10,2015,2,36,0,3,2009,1
959,722,39,1,10,9,2016,2,37,0,1,2005,1
891,3480,48,1,17,12,2016,2,34,0,1,1995,1
724,378,22,1,3,8,2015,2,28,1,2,2004,0
594,2324,12,2,26,10,2016,1,54,1,2,2013,0
1543,72,47,2,7,2,2016,1,43,0,1,2001,1
970,144,19,1,7,8,2015,1,18,1,1,1997,1
563,342,6,1,23,2,2015,1,26,1,2,2008,0
1078,523,55,1,25,7,2015,1,24,0,1,2004,1
1628,88,47,1,20,2,2016,2,43,1,1,2000,1
213,688,37,1,14,7,2015,1,46,1,4,2005,0
180,102,12,2,9,2,2016,2,52,0,1,2015,0
974,661,47,1,7,10,2015,2,38,0,1,2000,1
371,473,48,1,11,3,2015,2,75,1,1,2004,0
1488,1401,13,1,20,12,2016,1,51,1,1,1997,1
1022,858,17,1,29,10,2016,2,49,0,1,2005,1
1623,1696,48,2,8,7,2016,2,38,0,1,2012,1
697,775,37,2,24,8,2015,2,33,1,3,1993,0
1181,744,47,1,4,11,2015,2,22,1,1,1998,1
300,514,1,1,24,8,2016,1,65,1,1,2008,0
131,363,47,1,20,6,2015,2,55,1,1,2007,0
577,2479,6,2,15,5,2016,1,37,0,2,1996,0
991,123,39,1,6,3,2015,2,27,2,2,2004,1
911,2901,6,2,16,8,2015,2,19,1,1,1991,1
432,1749,48,2,26,7,2015,2,16,0,5,2009,0
718,826,47,1,5,11,2016,2,19,1,1,2013,0
1562,191,35,1,2,10,2015,1,45,1,1,1997,1
888,879,47,1,22,12,2015,2,43,1,1,2009,1
853,107,55,1,4,4,2016,2,32,1,1,2004,1
670,871,29,2,9,12,2016,1,63,0,1,2008,0
346,639,45,3,14,9,2016,1,23,0,1,2002,0
1533,3116,48,1,15,12,2015,2,33,0,1,2010,1
212,743,13,1,19,7,2016,1,47,1,2,2001,0
1357,457,37,1,17,5,2016,1,43,1,1,2003,1
828,17,47,1,15,1,2016,2,62,1,1,1996,0
168,328,22,1,11,7,2015,2,43,0,4,2014,0
1428,542,26,1,21,8,2016,1,39,1,2,2010,1
1513,1202,48,1,17,5,2016,1,20,0,1,2004,1
635,348,29,1,3,7,2015,1,45,1,1,1990,0
1175,142,9,1,9,5,2016,2,28,0,1,2004,1
30,181,19,1,5,7,2016,1,21,1,1,2003,0
1188,1018,42,1,27,11,2015,2,21,0,1,2015,1
1332,627,29,1,24,10,2015,1,18,0,2,2006,1
717,37,21,2,24,1,2015,1,20,2,3,2003,0
1011,71,19,1,29,4,2015,2,30,1,1,2000,1
1498,769,6,1,29,4,2016,2,25,0,1,2005,1
1178,483,34,2,15,9,2016,2,24,1,1,2005,1
856,1993,6,1,11,2,2016,2,16,0,1,1996,1
1390,927,39,1,19,11,2015,2,54,1,1,1999,1
427,44,6,1,7,1,2015,2,20,1,1,2009,0
542,2893,48,1,3,12,2015,2,49,1,1,1976,0
1369,291,8,1,31,7,2016,1,18,1,1,2002,1
1272,1889,12,1,24,8,2016,1,28,0,1,2005,1
780,903,12,1,16,5,2015,2,57,0,2,2005,0
1196,45,49,1,27,3,2015,1,21,1,5,2006,1
1193,1711,48,1,25,7,2015,1,22,1,3,2012,1
446,1659,12,1,3,8,2016,2,42,0,1,2011,0
1475,2283,6,1,18,7,2016,1,24,0,1,1996,1
976,1847,48,1,21,7,2016,1,34,0,1,2014,1
827,564,45,1,30,8,2015,1,45,1,2,2002,0
601,142,1,1,20,3,2016,1,24,1,1,2003,0
1143,98,39,1,27,2,2016,1,29,1,2,1998,1
699,235,40,1,9,4,2016,2,71,1,1,2016,0
1221,201,47,1,5,4,2015,1,18,1,1,2000,1
105,32,28,2,8,2,2015,1,83,0,1,1997,0
359,450,45,1,14,7,2016,1,45,1,2,2008,0
1365,508,8,1,14,11,2016,1,56,1,1,1996,1
1004,108,35,1,28,4,2016,2,18,1,1,2008,1
112,137,26,1,8,3,2016,2,30,2,2,2003,0
284,556,18,2,25,9,2016,2,28,0,2,2013,0
319,852,39,1,22,10,2015,1,81,1,1,2005,0
475,1504,48,1,6,5,2016,2,34,1,1,2010,0
35,5,37,1,4,1,2016,2,22,0,1,1999,0
1534,2016,6,1,18,5,2016,1,53,1,1,2016,1
1568,469,18,1,26,8,2016,1,45,1,3,2014,1
783,8,32,2,22,1,2015,2,20,0,1,2008,0
967,45,41,2,25,2,2015,2,55,1,1,1998,1
276,46,26,1,10,1,2015,2,19,0,1,2004,0
1279,645,47,2,25,9,2015,1,54,0,1,2004,1
514,97,53,3,1,4,2016,2,53,0,1,2004,0
426,215,48,1,31,1,2015,1,67,1,2,1999,0
1316,1188,13,1,28,11,2015,2,18,1,4,2005,1
677,819,45,1,2,11,2015,2,22,1,2,2009,0
195,1425,48,2,5,6,2016,2,24,1,2,2014,0
76,40,15,2,27,2,2016,2,55,0,1,1996,0
917,320,4,1,28,5,2015,1,44,0,1,2014,1
826,54,18,1,4,2,2016,2,20,1,2,2007,0
1605,77,19,1,8,5,2015,1,19,0,1,1989,1
846,3332,48,1,20,12,2016,2,76,1,1,2004,1
84,572,39,1,25,7,2016,2,24,1,1,2006,0
1068,718,22,1,11,11,2015,2,32,0,1,2015,1
1604,350,47,1,15,6,2015,1,20,2,2,2003,1
1067,226,40,1,27,5,2016,2,42,0,1,2008,1
708,1004,12,4,8,5,2016,2,33,0,3,2005,0
758,95,40,2,24,3,2015,2,60,1,2,2012,0
1400,210,8,1,21,6,2016,1,23,1,2,2008,1
1345,182,8,1,6,6,2016,2,51,0,1,2008,1
493,1399,13,1,19,12,2016,2,49,1,1,2003,0
949,590,47,1,24,8,2016,1,32,1,1,2007,1
1565,760,47,1,12,11,2015,2,54,1,2,2015,1
205,5,50,1,12,2,2016,1,20,1,2,2006,0
1333,2392,48,1,8,9,2016,1,42,1,1,2005,1
138,3032,6,1,16,4,2016,2,80,1,1,2007,0
183,220,17,1,4,5,2015,2,30,1,1,2007,0
912,306,51,1,17,6,2016,2,22,0,1,2008,1
1028,880,47,1,25,12,2015,2,64,1,1,2015,1
1170,47,55,2,17,2,2015,2,28,1,1,2002,1
1547,446,1,1,9,8,2015,2,75,0,1,2009,1
1045,1033,48,1,28,4,2016,1,53,1,2,2001,1
771,1135,48,1,10,5,2016,2,52,0,1,1999,0
260,325,45,1,26,5,2016,1,66,1,2,2001,0
489,465,18,1,19,8,2015,1,67,1,1,1998,0
275,423,36,1,7,7,2016,2,50,0,1,2004,0
209,1518,6,1,3,8,2016,1,29,1,1,2000,0
730,898,37,1,17,9,2015,1,54,1,1,2001,0
1110,126,19,1,7,7,2015,1,35,1,1,2004,1
1458,5,19,2,5,1,2015,1,36,0,1,2002,1
130,406,55,1,15,5,2015,2,38,0,1,1995,0
1653,28,35,1,19,2,2016,2,43,1,1,2006,1
1616,257,35,1,14,12,2015,1,22,1,3,2006,1
1529,709,22,1,9,9,2015,1,31,1,1,2014,1
1614,2103,12,1,11,9,2016,2,31,0,1,2012,1
304,314,27,1,31,10,2015,2,39,0,2,2005,0
152,3041,12,1,23,9,2016,2,87,0,2,2006,0
652,1267,48,1,7,6,2015,1,22,0,1,2008,0
463,2735,12,1,9,2,2015,1,57,1,1,2013,0
719,451,28,2,21,9,2016,1,29,0,1,2007,0
616,593,4,1,22,9,2015,2,61,0,2,1998,0
1360,75,56,1,14,9,2016,1,25,1,3,2004,1
127,157,4,3,20,3,2016,1,26,0,7,2006,0
316,393,34,2,6,10,2016,2,27,1,1,2013,0
821,1090,6,1,15,1,2016,2,25,0,1,1998,0
108,141,26,1,18,3,2016,2,45,0,1,2004,0
687,1810,6,2,10,10,2016,1,33,0,1,1990,0
1577,375,20,1,26,12,2016,1,18,1,3,1999,1
57,1358,6,2,26,2,2016,2,58,1,2,1984,0
473,108,51,1,17,1,2016,2,38,1,1,2012,0
204,675,48,2,23,3,2015,2,30,1,1,1998,0
744,479,51,1,25,9,2015,1,37,1,1,2006,0
29,69,19,1,26,4,2015,1,56,1,1,1999,0
448,480,34,3,22,11,2016,2,53,0,1,2008,0
530,1242,48,1,12,5,2016,2,27,0,1,2008,0
862,1175,48,1,24,5,2015,1,26,0,1,2006,1
454,2363,6,1,11,12,2016,2,24,1,1,1998,0
905,561,4,2,12,9,2016,2,19,1,2,2009,1
528,2605,6,1,20,9,2016,2,66,1,1,2002,0
752,348,41,2,10,12,2015,1,49,0,1,2002,0
593,74,55,1,7,3,2016,2,35,0,1,2001,0
129,111,10,1,12,9,2015,1,52,0,1,2015,0
88,335,53,2,18,8,2016,2,21,0,1,2002,0
1144,308,1,1,11,6,2016,1,31,1,6,1999,1
872,2926,6,1,30,5,2016,2,18,0,1,1992,1
1610,1361,48,1,29,5,2016,2,23,1,1,2013,1
551,2279,6,1,23,12,2016,2,27,1,2,2012,0
546,198,16,1,12,11,2015,1,56,1,2,2005,0
1249,646,47,1,12,9,2016,1,41,1,1,2007,1
1417,417,17,1,14,6,2016,1,46,1,1,2003,1
1657,94,48,2,13,1,2015,1,21,1,1,1999,1
1115,339,4,1,14,5,2015,2,17,0,1,2002,1
1474,623,51,1,4,12,2016,1,27,1,3,2000,1
743,173,40,1,22,3,2015,2,22,0,3,2005,0
1268,86,33,1,29,11,2015,1,21,1,1,2004,1
947,491,1,1,14,8,2016,1,16,0,1,2003,1
1617,320,53,1,19,6,2015,2,29,0,1,2000,1
1540,1746,48,1,25,7,2015,2,22,1,2,2008,1
829,379,40,1,6,9,2016,1,20,1,1,2001,0
149,108,45,1,12,2,2015,1,80,1,1,2012,0
189,85,12,1,13,1,2016,1,38,0,2,2005,0
1076,3224,48,1,6,12,2016,1,52,1,2,2009,1
915,533,47,2,13,8,2015,2,17,0,2,2007,1
1080,659,4,1,30,10,2015,1,41,0,1,2001,1
27,1920,6,1,27,8,2015,1,75,1,1,1999,0
1238,176,27,2,11,7,2016,2,46,0,1,2015,1
177,136,1,1,28,3,2015,1,22,1,2,2013,0
611,1142,12,1,15,2,2016,2,25,2,2,2003,0
1448,343,5,1,16,9,2015,1,39,1,2,2011,1
1508,390,47,1,16,3,2016,1,64,1,2,2007,1
648,197,19,1,23,9,2015,1,45,1,1,2001,0
1535,250,1,1,18,5,2015,1,42,0,1,1998,1
930,952,13,1,27,9,2015,2,38,0,1,2005,1
1142,151,20,1,21,6,2016,1,24,0,1,2003,1
490,39,4,2,9,1,2015,2,28,0,1,2006,0
1271,248,29,1,21,4,2016,1,47,1,2,2004,1
363,136,26,3,7,3,2016,2,21,0,1,2006,0
1198,975,47,1,29,12,2016,1,38,1,2,1998,1
1317,198,31,1,3,12,2015,1,31,1,3,2004,1
1331,268,47,1,12,3,2015,2,20,0,1,1999,1
932,467,40,1,27,9,2016,1,19,0,1,2008,1
1459,39,38,1,28,6,2016,1,17,1,2,2014,1
466,1240,6,2,15,6,2016,2,54,0,1,2010,0
1313,82,1,1,20,2,2016,1,19,1,2,2011,1
914,1379,48,1,19,6,2015,1,52,1,1,2001,1
502,480,13,1,12,5,2016,2,30,0,1,2012,0
1639,90,17,1,16,3,2015,2,83,1,1,2003,1
706,724,13,1,28,7,2015,1,62,1,1,1996,0
510,187,40,1,17,5,2016,1,80,1,2,2004,0
72,1054,48,1,1,1,2015,1,35,0,1,1996,0
1659,2482,12,1,14,12,2015,2,19,1,3,2001,1
325,123,32,2,2,7,2016,2,44,1,4,2006,0
667,3455,48,1,30,12,2016,1,22,1,1,2009,0
90,1005,13,1,19,9,2016,1,66,1,1,2003,0
1066,421,42,1,6,6,2015,2,41,1,2,2012,1
353,3132,6,1,21,2,2015,2,49,0,1,2005,0
1514,153,47,1,7,3,2015,1,21,1,1,1994,1
559,183,4,1,17,4,2016,2,58,1,1,2005,0
343,1475,6,1,3,7,2016,2,24,1,1,2004,0
334,3339,6,1,28,5,2016,2,33,0,1,1999,0
988,2938,48,1,8,12,2015,2,21,0,1,2014,1
1421,1707,12,1,9,8,2016,1,30,1,1,2013,1
86,266,26,1,17,5,2016,1,38,1,1,2015,0
1090,59,19,1,3,4,2016,1,30,1,4,2006,1
229,296,21,1,14,6,2016,1,53,0,1,2008,0
1186,769,18,1,24,12,2015,2,38,0,1,2008,1
1337,2400,12,1,18,10,2015,2,19,0,1,2007,1
906,522,1,1,31,8,2015,2,52,0,1,2007,1
742,210,24,1,15,7,2016,2,33,0,1,2017,0
686,2606,48,1,1,11,2015,2,22,1,1,2008,0
1624,33,9,3,3,1,2015,2,26,0,2,2008,1
791,924,1,4,8,8,2016,1,47,0,7,2017,0
1394,116,47,1,29,2,2016,2,23,1,1,1995,1
737,3071,12,1,19,10,2016,1,27,0,2,2005,0
287,5,41,2,6,1,2016,2,77,0,1,2004,0
1091,28,47,1,4,1,2016,2,27,1,1,1999,1
485,306,1,1,21,6,2015,1,85,1,1,2010,0
143,2762,12,1,23,9,2015,2,48,0,1,2003,0
166,383,5,2,11,11,2016,1,27,1,1,2006,0
1189,127,16,1,24,7,2015,1,50,0,1,2009,1
1348,3075,48,1,23,12,2015,1,16,1,4,2010,1
244,408,39,1,12,3,2015,2,40,1,3,2002,0
943,342,48,1,19,2,2015,2,21,0,1,2010,1
796,419,34,1,19,11,2016,2,21,1,1,2005,0
566,676,36,1,11,8,2015,2,45,1,1,2006,0
1216,2063,6,1,28,10,2015,1,28,1,2,2005,1
299,325,29,1,27,6,2015,1,42,1,4,2008,0
1420,55,47,1,28,1,2015,2,20,1,1,2003,1
692,485,12,2,4,3,2015,2,79,1,1,2002,0
982,711,29,1,20,10,2016,2,34,0,1,2004,1
562,156,16,2,12,9,2016,1,56,1,2,1984,0
288,1951,12,2,9,2,2016,2,78,0,1,2004,0
337,167,1,1,1,4,2016,1,57,0,1,2004,0
1654,2203,6,1,2,12,2016,1,17,1,4,2002,1
1192,1948,12,1,5,10,2015,2,31,0,1,2003,1
80,113,17,1,28,2,2016,2,50,0,1,2015,0
73,422,22,1,4,7,2016,1,23,0,2,2005,0
812,595,42,2,3,9,2016,2,28,0,1,2016,0
21,817,4,2,13,12,2016,2,21,0,2,2013,0
852,644,51,1,8,11,2015,1,53,1,1,2013,1
122,151,27,2,24,6,2016,1,36,1,2,2003,0
840,1253,48,1,26,5,2015,1,24,1,3,2005,1
381,27,9,1,17,2,2016,2,71,0,1,2005,0
1346,795,37,1,28,8,2016,2,69,0,4,2012,1
107,496,28,1,10,11,2015,1,55,0,1,1996,0
315,129,47,1,6,3,2016,2,26,0,1,2008,0
265,20,1,1,10,1,2016,1,24,0,4,2015,0
647,1273,12,2,9,7,2015,2,54,1,1,2005,0
1487,289,48,1,2,2,2015,1,32,1,1,2007,1
520,299,29,1,25,4,2015,2,29,1,1,2012,0
1393,609,47,1,1,9,2016,2,17,1,2,2010,1
1035,616,22,1,3,12,2015,1,45,1,8,2008,1
613,719,13,3,26,7,2015,2,45,0,1,1999,0
825,2215,12,1,13,11,2015,2,39,0,4,1998,0
672,449,12,1,19,1,2015,2,80,0,2,2012,0
1120,171,35,1,19,9,2015,1,28,1,1,2006,1
358,694,6,1,13,3,2016,1,36,1,1,2011,0
732,331,17,1,18,5,2016,1,34,1,2,2002,0
1329,93,27,1,26,4,2015,1,24,0,1,2005,1
243,182,25,2,25,9,2016,2,26,0,2,2001,0
1352,931,47,2,14,12,2016,1,69,0,2,1997,1
1626,1351,13,1,9,12,2016,2,25,1,2,1998,1
1152,207,39,1,15,4,2015,2,25,1,1,1996,1
1147,1606,48,1,17,6,2016,1,18,1,1,2013,1
513,292,37,1,6,4,2015,1,82,1,2,2013,0
1054,48,17,1,31,1,2016,2,53,0,1,2006,1
255,982,36,2,7,10,2016,2,55,0,2,2014,0
1001,736,1,1,30,10,2016,1,20,1,1,1999,1
586,249,24,1,12,8,2016,2,74,2,3,2012,0
1432,381,48,1,20,2,2016,2,20,1,1,1994,1
1131,610,47,2,31,7,2016,2,44,0,1,2010,1
537,2170,6,1,8,10,2015,1,21,0,2,1996,0
6,833,26,1,15,11,2016,2,33,0,1,2008,0
806,937,45,3,22,10,2016,2,36,0,1,2009,0
1047,2219,6,1,7,12,2016,1,20,1,1,2001,1
1160,103,53,1,13,4,2015,1,25,0,1,2012,1
1563,389,47,1,7,6,2016,1,18,1,1,2005,1
587,387,55,1,8,10,2016,2,40,1,1,1998,0
1169,318,47,1,16,5,2016,1,30,1,4,2001,1
837,1082,48,1,16,4,2015,1,25,1,1,1997,1
995,3477,48,1,13,10,2016,2,58,0,1,2013,1
710,353,8,1,12,9,2015,2,42,0,3,2015,0
722,56,32,2,20,4,2016,1,69,0,2,2016,0
111,2962,12,1,15,12,2016,2,56,0,1,2001,0
1584,86,15,1,29,10,2015,1,37,1,1,1993,1
1211,488,37,1,16,6,2015,1,39,1,2,1999,1
1129,2460,48,1,19,9,2016,1,30,1,1,2006,1
1640,402,48,2,12,2,2016,1,28,1,4,2002,1
918,793,47,1,26,10,2016,2,60,1,3,2002,1
1548,322,22,1,2,7,2015,1,27,1,1,2003,1
331,61,53,1,25,2,2015,2,27,1,4,1996,0
1105,26,47,2,20,1,2015,2,77,1,1,1999,1
347,1910,48,1,18,8,2015,1,50,0,1,1988,0
1270,41,55,2,10,2,2015,2,24,1,1,2000,1
615,84,33,1,17,11,2015,1,23,1,2,2003,0
1250,898,45,1,26,12,2015,1,48,0,2,2013,1
367,38,13,1,13,1,2015,2,29,0,1,2003,0
1523,60,40,1,31,1,2015,1,29,0,2,2006,1
552,243,18,1,13,5,2016,1,51,0,1,2009,0
470,130,51,1,3,4,2015,2,48,1,1,2007,0
1307,761,4,4,6,12,2015,2,29,0,2,2012,1
1554,2180,12,1,6,10,2016,2,32,1,1,2000,1
1361,36,46,2,30,4,2015,1,28,0,1,2008,1
1085,432,24,1,22,12,2015,2,43,0,1,2012,1
1468,422,21,1,29,8,2015,1,19,1,1,1999,1
1240,1254,37,1,23,12,2015,1,22,1,1,2000,1
638,221,54,1,11,11,2015,2,35,1,1,2002,0
114,159,30,3,12,11,2016,1,51,0,2,2014,0
1403,558,37,1,23,6,2015,1,35,1,3,1995,1
318,486,12,1,21,3,2015,1,27,0,2,2003,0
793,1077,37,2,17,10,2016,1,79,1,2,2016,0
1010,563,1,1,7,10,2015,1,30,1,1,1999,1
1570,609,47,2,1,9,2016,2,26,0,1,2006,1
226,1063,13,2,2,10,2016,2,48,1,2,2013,0
1064,3082,48,1,22,11,2016,2,27,0,1,2016,1
1286,486,17,2,5,8,2015,1,33,1,2,2006,1
773,1876,6,1,3,10,2015,1,18,2,2,2005,0
228,11,39,1,11,1,2015,2,52,1,1,2000,0
673,137,4,1,5,3,2015,1,51,1,1,1994,0
1114,276,19,1,24,10,2016,1,26,1,1,2002,1
1051,1809,6,1,16,10,2016,2,32,1,2,2013,1
1438,2393,48,1,14,10,2015,1,21,1,1,2004,1
1275,377,51,1,6,8,2015,1,55,1,1,1995,1
1466,1400,6,1,6,6,2015,1,45,1,1,2014,1
657,3154,6,2,15,8,2016,2,36,0,1,2008,0
374,37,21,1,24,1,2015,1,30,0,1,2009,0
801,213,26,1,13,5,2015,1,56,0,1,1999,0
1379,102,33,1,30,12,2015,2,26,1,1,2006,1
349,230,42,1,18,4,2015,1,47,1,3,1995,0
590,635,42,1,4,9,2016,2,38,0,1,2004,0
352,499,39,2,18,7,2015,1,56,0,1,2004,0
415,179,27,1,13,7,2016,2,21,1,1,2008,0
1217,548,47,1,27,8,2015,1,27,0,5,2004,1
1643,1830,6,1,28,10,2015,1,21,0,1,2012,1
855,174,51,1,28,4,2015,1,21,1,1,2008,1
683,2134,48,2,18,9,2015,2,29,1,3,1998,0
954,300,47,1,28,5,2015,1,31,1,1,2007,1
1063,1934,48,2,24,8,2015,2,54,1,1,2011,1
311,367,28,1,25,8,2015,2,25,1,1,2002,0
273,98,46,1,4,12,2016,1,35,1,2,2008,0
558,970,36,1,17,12,2015,2,95,1,1,1998,0
174,678,6,1,5,4,2015,1,51,0,1,1999,0
527,223,45,2,19,4,2015,1,39,0,1,2008,0
715,59,25,1,7,1,2016,2,18,1,1,2002,0
1633,660,47,2,28,8,2016,2,30,0,1,2014,1
342,62,47,2,6,2,2015,2,47,0,2,2007,0
234,1577,48,1,26,4,2016,2,52,0,1,1997,0
507,761,48,1,16,4,2015,2,24,1,1,2009,0
1663,356,8,1,14,9,2015,1,53,1,1,2011,1
924,2080,6,1,13,11,2016,2,34,0,1,2014,1
242,175,12,1,1,3,2016,1,29,0,1,2012,0
462,725,18,9,13,11,2015,1,49,0,1,2014,0
1495,241,6,1,14,2,2015,1,19,0,1,2007,1
1082,621,51,1,1,12,2015,1,21,1,1,2001,1
860,70,23,1,4,8,2015,1,21,0,1,2000,1
845,332,37,1,10,4,2016,1,18,1,3,2002,1
1402,306,48,1,11,2,2015,1,55,1,1,2014,1
1292,234,26,1,26,4,2016,1,22,1,1,2004,1
902,1719,6,1,12,1,2016,2,19,0,2,2015,1
1016,323,37,2,5,4,2016,1,25,1,1,2014,1
1185,320,22,1,24,8,2016,2,38,0,1,2007,1
97,2339,48,1,9,10,2015,1,41,1,1,1995,0
224,885,13,2,25,8,2016,1,44,0,2,2016,0
620,1357,48,1,22,4,2016,2,69,1,2,1994,0
335,844,47,1,13,11,2016,1,24,1,2,2000,0
1366,37,53,1,14,2,2016,1,17,1,1,2002,1
1141,232,47,2,17,4,2016,1,22,0,2,2005,1
877,447,47,1,30,6,2016,2,23,0,1,2006,1
822,2062,48,6,6,9,2015,1,16,0,3,2014,0
123,1742,12,2,12,9,2015,1,81,0,2,2015,0
1174,477,51,1,17,9,2015,1,57,0,1,2005,1
249,334,22,2,13,7,2015,2,37,0,1,2007,0
666,191,29,1,21,4,2015,2,41,0,1,2014,0
671,2110,12,2,1,11,2015,1,45,0,1,2014,0
128,1257,12,1,11,7,2015,2,47,1,1,2003,0
1262,548,36,1,30,7,2016,1,29,0,1,2004,1
1431,484,17,1,2,7,2016,1,19,1,1,1997,1
1472,133,48,1,19,1,2016,2,20,1,1,2013,1
675,828,26,1,13,11,2016,1,39,0,1,2008,0
1039,949,47,1,19,12,2016,2,18,1,1,2006,1
1596,1617,12,1,5,8,2016,2,46,1,1,2003,1
538,217,13,1,7,3,2015,2,53,1,1,2011,0
1320,2039,48,1,3,9,2015,1,32,1,1,2014,1
248,1681,6,2,18,6,2016,1,43,0,2,2007,0
1456,517,47,1,15,8,2015,2,28,1,2,2002,1
1462,387,18,1,16,7,2016,1,21,1,2,2013,1
424,832,29,1,8,12,2016,1,50,0,2,2015,0
1008,653,48,1,31,3,2015,1,46,0,1,1999,1
1015,128,56,2,13,12,2015,2,28,0,1,2011,1
1483,754,42,1,27,9,2015,2,20,1,7,2004,1
417,2136,6,1,30,8,2016,1,47,1,1,1994,0
79,2409,48,1,18,9,2016,1,16,1,2,1997,0
1228,313,40,1,30,7,2015,1,34,0,1,2014,1
704,521,47,1,25,7,2016,1,55,1,1,1987,0
1385,163,17,1,15,3,2016,2,27,1,1,2000,1
592,969,39,1,12,12,2015,1,77,1,1,2004,0
467,891,12,2,17,2,2015,2,57,0,1,2001,0
383,925,26,2,11,12,2016,1,62,0,6,2013,0
389,3150,6,1,15,12,2016,1,51,1,1,1991,0
239,1250,12,1,4,7,2015,2,33,1,2,1995,0
1190,615,47,1,27,7,2016,1,78,0,1,2004,1
889,606,47,1,27,8,2016,2,57,0,2,1999,1
1119,107,19,1,20,5,2016,1,32,1,1,1995,1
1509,481,34,1,25,11,2016,2,18,0,2,2005,1
582,188,8,1,9,6,2016,2,33,1,1,2001,0
1582,112,37,1,7,2,2015,1,44,1,1,2012,1
1545,649,29,1,30,10,2015,1,49,0,1,2012,1
1101,198,48,1,24,1,2015,1,17,0,1,2009,1
89,75,36,1,19,2,2015,1,69,1,2,2011,0
1440,368,34,1,4,9,2016,2,24,0,1,2002,1
993,249,13,1,12,3,2016,1,22,1,1,2001,1
1227,71,16,1,15,6,2015,1,47,1,1,2014,1
1415,277,5,2,6,8,2015,1,17,1,3,2015,1
397,30,29,1,23,1,2015,1,45,1,1,2000,0
197,1277,48,1,23,5,2016,1,35,2,2,2004,0
258,168,54,3,16,8,2016,2,51,0,3,2007,0
1184,262,26,1,11,5,2016,2,25,0,1,2007,1
960,72,21,1,6,2,2016,1,47,1,1,1994,1
987,49,46,1,2,8,2016,1,42,2,2,1989,1
428,123,10,2,27,6,2015,2,70,0,1,2013,0
1024,2011,6,1,15,7,2016,1,21,1,3,2000,1
1070,2252,48,1,30,9,2015,1,48,1,2,2002,1
227,511,18,1,19,9,2016,1,28,1,1,1991,0
1155,218,17,1,5,5,2015,1,37,1,1,2004,1
420,948,39,1,7,12,2015,2,87,1,1,2001,0
313,1182,13,1,26,11,2015,2,47,0,1,2006,0
876,209,48,3,28,1,2015,2,53,0,1,2007,1
1473,826,47,2,6,12,2015,1,29,0,5,2001,1
137,1846,12,1,7,8,2016,1,24,2,6,1999,0
832,3282,48,1,13,12,2016,1,58,1,1,2002,1
187,119,8,1,22,4,2016,2,48,1,1,2015,0
103,627,36,1,7,9,2015,2,38,1,2,2001,0
596,559,12,2,28,1,2016,2,28,0,1,2005,0
748,332,29,1,22,6,2015,2,24,0,1,1979,0
1199,1345,6,1,5,6,2015,1,38,0,2,2006,1
627,2114,6,1,6,11,2015,1,42,0,2,2014,0
1642,158,47,2,21,3,2016,2,22,0,1,2000,1
1433,816,39,1,15,10,2015,1,73,1,1,2009,1
1083,210,47,1,7,4,2016,1,28,1,1,2014,1
883,811,47,1,10,12,2015,1,40,1,1,2001,1
1040,2327,48,2,6,10,2015,1,27,0,1,1999,1
1222,2623,12,1,7,12,2016,2,41,1,1,2002,1
68,839,45,1,30,11,2016,1,58,0,1,2003,0
1378,1224,48,1,11,5,2016,2,34,1,3,2002,1
1164,2761,6,1,2,12,2015,2,48,1,1,2007,1
1132,131,13,1,10,2,2015,2,17,0,1,2005,1
1619,2016,6,1,14,8,2015,1,23,1,2,2007,1
989,118,24,1,28,4,2015,2,58,0,1,2001,1
1585,362,17,1,29,5,2016,1,25,0,1,1999,1
18,561,36,1,12,8,2015,1,75,0,2,2004,0
495,230,28,1,26,5,2016,1,39,0,1,2014,0
1603,299,27,1,15,10,2015,2,31,0,1,2006,1
1324,104,41,1,22,4,2016,1,22,1,1,2001,1
443,82,22,3,21,2,2016,1,17,1,1,2004,0
50,257,36,2,24,4,2016,2,36,0,3,2003,0
193,1114,13,1,5,11,2015,1,56,1,1,2011,0
1470,461,29,1,15,8,2015,1,16,1,1,2002,1
220,43,16,1,19,4,2016,1,28,1,1,1997,0
1580,937,12,1,16,5,2015,1,25,0,1,2007,1
354,111,30,1,2,6,2015,1,18,1,2,1995,0
971,831,47,1,13,12,2015,2,18,1,2,2008,1
324,122,30,1,6,9,2015,1,31,2,3,2004,0
1251,775,48,1,8,3,2016,1,22,1,6,2004,1
491,554,29,4,5,9,2016,2,63,0,1,2005,0
77,993,42,1,2,12,2016,2,68,1,2,2006,0
1213,329,47,1,7,6,2015,1,29,1,1,2008,1
962,102,10,1,20,2,2016,1,23,1,2,2013,1
1541,3413,48,1,22,12,2016,1,48,0,1,2008,1
164,402,37,2,20,5,2015,1,61,0,1,2001,0
1506,90,27,1,23,4,2016,1,25,1,1,1999,1
231,230,48,1,26,1,2016,2,54,0,1,2007,0
1512,32,40,3,29,1,2016,1,32,1,1,2012,1
109,689,1,1,18,12,2015,1,29,1,1,2004,0
151,74,6,1,13,1,2015,2,21,0,1,2014,0
798,89,48,1,11,1,2015,2,41,1,4,2011,0
1342,40,1,1,20,1,2015,2,24,0,1,2013,1
1145,15,47,1,5,1,2016,2,35,1,3,1999,1
778,311,4,2,3,5,2015,2,28,2,4,2001,0
436,466,47,1,28,6,2015,2,54,1,1,2002,0
1135,194,47,1,31,3,2015,1,26,1,2,1991,1
1359,433,51,1,31,8,2016,2,45,0,1,2011,1
661,297,28,1,24,6,2016,1,55,1,1,2015,0
1595,1710,48,1,25,7,2015,2,24,1,1,2010,1
355,121,26,1,25,3,2015,1,60,1,1,1997,0
297,2700,6,1,19,9,2015,2,27,0,1,2006,0
835,554,47,1,11,8,2016,1,33,0,1,2014,1
170,476,21,2,23,9,2015,1,30,1,1,2000,0
52,273,8,2,23,7,2016,1,21,1,1,1999,0
165,126,34,2,1,4,2016,2,52,0,3,2014,0
1449,1199,48,1,15,5,2016,1,31,0,1,2012,1
1079,1685,48,1,4,7,2016,1,20,1,1,2004,1
148,2033,6,1,25,10,2015,2,20,1,1,2016,0
32,2139,12,2,3,10,2016,2,28,0,1,2011,0
994,474,47,1,30,7,2015,2,45,0,5,1994,1
1502,2053,48,1,2,8,2016,2,22,0,3,2015,1
336,242,54,1,17,12,2016,2,58,0,1,2003,0
899,261,47,2,2,5,2015,2,47,1,2,2006,1
738,319,55,1,29,8,2015,2,46,0,1,2010,0
154,346,17,4,18,1,2016,2,39,0,1,9999,0
750,87,6,2,14,1,2015,2,25,1,1,1995,0
703,105,29,1,2,3,2016,1,16,1,2,1998,0
1469,24,18,1,16,1,2016,1,24,0,2,2005,1
1599,62,38,1,23,8,2016,1,49,0,1,2016,1
728,469,24,1,21,11,2016,2,30,1,1,1996,0
893,134,39,1,9,3,2015,2,40,1,3,1988,1
767,511,21,1,17,9,2016,1,23,0,1,2011,0
985,574,18,1,5,10,2016,1,41,0,1,2005,1
1583,481,53,1,6,12,2016,1,24,1,1,1992,1
479,1005,36,2,31,12,2015,2,28,0,3,1995,0
364,189,6,1,21,2,2016,2,19,0,1,2014,0
1587,134,47,3,5,3,2016,2,48,0,3,2015,1
1038,859,47,1,13,12,2015,1,19,1,1,2015,1
1086,226,47,1,23,4,2015,2,20,0,2,2009,1
1524,1162,13,1,24,10,2016,1,84,1,1,1998,1
1204,542,17,1,26,7,2016,1,25,0,1,2009,1
1446,44,6,1,6,1,2016,2,22,1,1,2004,1
727,387,41,1,17,9,2015,2,59,1,1,2008,0
1056,347,47,1,28,5,2016,1,25,1,2,1995,1
351,687,48,2,2,4,2015,1,56,1,1,2012,0
23,96,40,1,4,2,2016,2,22,1,2,2011,0
789,639,18,1,5,11,2016,1,21,1,4,2006,0
385,1224,6,1,6,8,2016,1,52,2,2,2000,0
961,115,19,1,3,7,2015,1,40,0,1,2008,1
65,527,4,1,27,8,2016,2,20,0,1,2002,0
900,993,26,1,24,8,2016,2,36,1,1,2002,1
1511,362,28,2,29,7,2016,1,37,0,1,2016,1
873,186,9,1,14,10,2016,2,37,0,1,2002,1
1492,2636,6,1,28,12,2015,1,37,0,1,1990,1
215,339,48,1,4,2,2016,2,69,3,4,2012,0
1573,524,37,1,6,6,2015,1,36,0,1,2007,1
452,2017,12,2,6,10,2015,2,43,0,1,2015,0
1418,293,51,2,17,6,2016,2,55,1,1,1997,1
576,3,53,2,4,1,2016,2,36,0,1,2006,0
848,502,22,1,5,10,2015,2,56,1,1,2007,1
379,199,39,1,14,4,2015,2,47,0,2,2011,0
886,1624,48,1,25,6,2016,1,50,0,1,2005,1
1634,691,13,1,17,7,2015,1,31,1,1,2002,1
439,2283,48,1,8,9,2016,1,19,1,1,2003,0
414,427,37,1,14,5,2016,2,41,0,4,2002,0
645,1628,6,1,22,9,2016,1,51,1,1,2000,0
1113,1663,12,1,24,7,2016,2,26,0,2,2012,1
233,2217,6,1,24,2,2015,1,90,1,1,2004,0
1173,16,47,1,18,1,2015,1,18,1,1,2006,1
998,990,42,1,30,11,2016,2,24,0,1,2000,1
1566,2823,48,2,23,11,2015,1,21,1,1,1996,1
549,232,1,1,11,5,2015,2,17,1,4,1999,0
1252,326,26,1,2,6,2016,2,67,1,1,2007,1
232,405,36,1,6,7,2015,2,43,1,1,2004,0
1032,454,51,1,13,9,2015,1,31,1,3,2001,1
251,113,49,1,30,6,2016,2,16,0,1,2008,0
1501,285,34,1,29,8,2015,2,18,0,1,2002,1
1437,497,34,1,19,12,2015,2,35,0,1,1996,1
181,56,39,1,24,1,2015,1,28,1,1,2003,0
429,87,47,1,19,2,2016,2,26,0,2,1997,0
237,1817,6,1,10,10,2015,1,48,1,5,2003,0
811,510,1,1,13,9,2015,1,28,1,1,2004,0
1127,3509,6,1,29,8,2016,2,58,0,1,2003,1
375,43,18,1,30,1,2015,2,26,1,1,2006,0
711,115,55,1,19,4,2015,1,42,0,1,2000,0
1006,438,8,1,5,10,2016,1,44,0,2,2011,1
604,939,42,1,10,11,2016,2,54,0,1,2000,0
810,169,49,1,26,8,2015,1,29,1,1,2008,0
676,876,42,1,13,10,2015,2,17,0,1,2013,0
1613,166,30,1,26,11,2016,1,18,1,2,1999,1
843,1335,37,1,4,12,2016,1,18,1,1,1996,1
1229,381,40,1,25,7,2015,1,53,0,1,1993,1
927,86,56,1,21,8,2015,2,18,1,1,1995,1
1656,743,47,1,2,11,2015,1,19,1,1,1997,1
396,2393,48,2,14,10,2015,1,54,0,4,2012,0
1364,42,45,1,22,1,2015,1,16,1,1,2002,1
655,1501,48,2,5,7,2015,1,29,0,1,2009,0
434,980,1,1,23,8,2016,1,34,0,2,2008,0
1328,563,6,1,23,3,2016,2,36,1,1,2014,1
1298,442,48,1,5,3,2015,1,55,1,1,2002,1
1455,110,24,1,29,4,2015,2,32,0,1,2000,1
471,95,40,3,24,3,2015,2,56,0,3,2013,0
464,125,29,1,13,3,2016,1,75,1,1,2005,0
1314,3213,6,1,4,10,2016,2,46,0,1,2007,1
14,141,12,2,4,3,2016,2,32,1,6,2011,0
49,1936,6,1,14,10,2016,1,60,0,1,2003,0
953,512,48,1,9,3,2015,2,17,1,1,2002,1
1062,240,8,1,7,7,2016,2,31,0,1,2001,1
526,246,24,1,10,8,2015,2,41,1,1,2010,0
903,184,37,1,13,1,2015,1,20,0,1,1995,1
695,2402,48,2,16,9,2016,1,32,0,1,2008,0
1092,56,18,1,6,2,2015,2,47,1,1,2014,1
782,519,28,2,26,11,2015,1,38,1,1,1985,0
585,61,31,1,11,4,2015,1,22,1,1,1999,0
400,826,48,1,14,4,2015,1,57,2,2,2011,0
702,924,12,3,29,4,2016,2,62,1,2,2016,0
422,215,12,1,15,2,2015,2,19,0,1,2005,0
1220,580,51,1,17,11,2016,2,23,0,1,2002,1
289,1167,13,1,20,11,2015,2,31,1,1,2015,0
1334,7,30,1,13,2,2015,1,48,1,1,1992,1
45,348,5,2,24,9,2016,1,20,0,1,2001,0
700,266,48,2,10,2,2015,2,22,1,1,2009,0
368,9,30,2,21,2,2015,2,57,0,1,2013,0
40,66,34,2,10,2,2015,2,56,1,2,1996,0
83,184,48,1,20,1,2015,2,69,0,1,1981,0
409,14,4,1,19,1,2016,2,36,0,1,2013,0
807,120,55,1,17,4,2015,1,24,0,1,2003,0
739,476,53,1,28,11,2015,1,26,1,2,2009,0
1350,2597,6,1,11,12,2016,2,29,0,1,2007,1
261,20,6,2,5,1,2015,2,58,0,1,2000,0
572,99,53,1,8,4,2015,2,59,2,2,2000,0
779,312,37,2,29,4,2015,2,89,0,2,2005,0
298,132,5,2,18,4,2015,1,44,0,1,2013,0
266,725,4,2,12,11,2016,2,31,0,4,2008,0
394,131,12,3,25,1,2015,2,35,0,1,2011,0
653,33,8,1,31,1,2015,1,21,3,3,2005,0
545,2574,48,1,7,10,2016,2,36,0,1,2007,0
1124,131,42,1,27,3,2015,1,17,1,1,2002,1
48,2541,12,2,27,11,2016,2,54,1,1,2013,0
9,253,34,1,12,7,2015,2,17,1,1,1999,0
656,66,40,1,23,2,2015,1,65,1,1,2011,0
841,1,37,1,29,1,2015,1,53,1,1,1999,1
159,39,27,1,5,3,2015,2,68,0,2,2006,0
1522,438,17,1,27,7,2015,2,28,0,1,2012,1
691,2496,6,3,27,7,2016,2,49,0,2,1997,0
453,52,16,2,30,4,2016,1,56,0,1,2004,0
1311,1779,12,1,22,8,2016,2,58,0,1,2008,1
597,79,37,1,27,1,2015,1,34,0,1,1988,0
560,267,41,2,29,8,2016,1,19,0,1,1998,0
1172,1215,37,1,15,12,2015,1,20,1,1,2010,1
1401,2453,6,1,30,9,2016,1,35,0,1,2013,1
682,834,29,2,10,12,2016,1,54,0,1,2008,0
1481,3039,48,1,30,12,2015,2,38,1,2,2009,1
301,931,48,1,6,5,2015,2,33,1,2,1997,0
636,363,45,1,9,6,2016,2,21,0,2,1989,0
1167,54,33,1,22,8,2015,1,47,0,1,2014,1
1203,658,51,1,17,12,2015,1,61,1,1,2005,1
1103,720,47,1,28,9,2016,1,58,0,1,2000,1
322,33,24,1,11,2,2015,2,21,1,1,2013,0
1615,1186,12,1,1,7,2015,2,23,0,1,1999,1
1564,934,39,1,14,11,2016,1,17,0,1,2005,1
602,237,51,2,15,5,2016,1,40,0,2,2014,0
1219,2362,12,1,3,12,2015,1,51,1,1,2003,1
871,512,4,2,24,8,2016,2,47,0,1,1999,1
642,588,45,2,8,9,2015,2,58,0,1,2001,0
608,106,24,1,28,4,2015,1,22,1,1,2013,0
1223,500,5,1,19,12,2016,1,53,1,1,2016,1
19,1348,48,1,2,6,2016,2,82,1,1,2008,0
416,3444,48,1,16,12,2016,2,47,1,2,2007,0
908,151,47,2,28,2,2016,2,19,0,2,2003,1
523,2737,6,1,25,10,2016,2,53,0,1,2004,0
1374,173,40,1,24,4,2016,1,26,1,1,2005,1
8,219,39,1,4,2,2016,2,48,0,1,2004,0
1531,7,18,1,7,1,2015,1,31,1,1,2011,1
208,347,53,1,8,9,2016,2,23,0,1,2012,0
1291,3210,48,1,3,12,2016,1,32,0,1,2006,1
1123,117,24,1,6,4,2015,2,19,2,5,2004,1
279,631,48,1,24,3,2015,2,62,0,1,2014,0
763,1949,12,1,6,9,2016,1,21,0,1,2000,0
1425,1409,48,1,25,6,2015,2,45,0,2,2012,1
799,1241,12,1,25,6,2015,2,74,2,3,2005,0
541,636,17,2,26,9,2015,1,58,0,1,2011,0
720,1995,48,1,23,8,2015,2,26,0,4,2006,0
1410,693,47,1,20,10,2015,1,62,0,1,2002,1
1021,25,6,1,11,1,2016,2,21,1,1,2006,1
973,23,15,1,15,4,2015,2,20,1,3,2003,1
499,66,26,1,4,2,2016,2,19,0,1,2003,0
975,872,4,1,30,12,2016,2,43,0,99,2016,1
37,859,47,2,13,8,2016,1,61,1,3,2016,0
619,588,1,2,27,10,2015,1,56,0,1,2008,0
539,89,4,2,11,1,2016,2,48,0,2,2013,0
925,217,45,1,16,4,2015,1,28,1,4,2004,1
201,260,32,1,30,10,2015,1,40,1,1,1985,0
820,232,24,5,21,7,2015,1,46,0,1,2013,0
1636,181,1,1,19,4,2015,1,16,1,1,2007,1
694,254,9,1,25,11,2016,2,69,2,2,2011,0
66,2370,48,1,20,9,2016,2,59,0,1,1980,0
482,519,51,1,6,10,2015,1,71,1,1,2014,0
1058,860,12,1,9,5,2015,2,32,1,1,2007,1
1258,2812,48,1,26,10,2016,2,23,1,1,2005,1
754,3059,48,1,17,11,2016,1,17,0,1,2016,0
1246,45,33,1,17,7,2015,1,72,0,1,2015,1
1576,2558,6,2,3,12,2015,2,20,0,1,1998,1
868,222,55,1,22,6,2016,2,22,0,1,2010,1
1611,254,4,1,7,4,2016,1,21,1,4,2002,1
240,2769,12,2,17,12,2015,2,41,0,1,2009,0
11,609,48,1,10,3,2016,2,22,1,1,2007,0
1048,250,29,2,24,4,2016,2,25,0,1,2007,1
39,710,18,1,28,11,2015,1,28,1,1,2008,0
1471,3392,6,1,24,12,2016,2,25,0,1,2015,1
1627,1699,48,1,9,7,2016,1,31,2,4,2001,1
484,393,18,2,11,5,2015,2,50,1,1,2011,0
1478,224,19,1,12,9,2016,2,18,0,1,1999,1
901,102,47,1,15,2,2016,1,45,1,1,2004,1
580,890,48,2,26,4,2015,2,37,1,1,1999,0
1655,41,2,1,6,9,2015,2,40,1,1,2008,1
1579,142,39,1,10,1,2015,1,31,0,1,2012,1
986,242,48,1,4,2,2015,1,22,1,1,1999,1
1451,415,47,1,11,7,2015,1,77,0,2,2012,1
1388,890,47,1,26,11,2016,2,18,1,4,2000,1
1081,176,16,1,11,12,2015,1,40,1,1,2008,1
508,47,51,1,17,2,2016,1,81,1,1,2012,0
7,240,1,1,4,5,2016,2,21,1,2,2005,0
1003,440,47,1,28,6,2016,2,33,0,4,2003,1
665,436,13,1,4,5,2015,2,41,1,1,2010,0
203,433,13,1,3,5,2015,1,19,2,4,2000,0
124,678,37,1,25,4,2016,1,56,1,1,2008,0
1130,1884,48,1,6,8,2015,1,30,0,1,2013,1
907,227,47,3,21,4,2015,1,72,1,1,2007,1
317,688,17,1,10,9,2016,2,57,1,2,2015,0
160,611,51,1,27,11,2016,1,22,0,1,2008,0
199,1145,37,1,15,11,2015,1,56,0,5,2003,0
1574,1206,37,2,17,11,2016,1,19,1,1,1995,1
809,1219,6,1,3,6,2015,1,18,0,1,2003,0
535,11,48,1,2,1,2016,2,22,0,1,2009,0
1232,303,48,1,10,2,2015,2,23,0,1,2008,1
100,1086,12,3,10,6,2015,1,39,3,5,2008,0
1283,3574,6,2,1,12,2016,2,45,1,1,2010,1
1136,196,49,1,6,10,2016,1,46,1,4,1997,1
1259,715,26,2,23,9,2016,2,37,1,1,2010,1
1571,354,19,1,3,11,2016,1,35,0,1,2009,1
879,561,4,1,12,9,2016,2,66,0,1,2013,1
1648,1593,48,1,17,7,2015,1,19,1,1,2001,1
1257,224,16,1,13,12,2016,2,19,1,1,1996,1
874,495,47,1,11,8,2015,1,54,1,3,1999,1
1409,66,9,1,25,2,2016,2,25,0,1,2002,1
1550,487,26,1,7,8,2015,2,22,0,1,2013,1
1479,223,27,1,31,8,2016,1,22,1,1,2012,1
589,41,13,1,14,1,2015,1,24,1,1,2001,0
1578,457,21,1,22,9,2015,1,40,1,1,2012,1
573,197,42,1,8,4,2016,2,23,2,4,2005,0
16,850,45,1,2,12,2016,1,54,0,2,1996,0
859,337,47,1,22,5,2016,2,67,1,1,1997,1
1069,929,47,2,9,12,2016,1,39,2,2,2006,1
785,201,9,1,16,5,2016,1,24,1,1,2001,0
1354,331,4,1,27,5,2016,1,25,1,1,2000,1
1530,1057,6,1,25,5,2015,2,51,0,1,2006,1
259,52,42,1,21,1,2016,1,32,2,2,2010,0
945,147,53,1,11,5,2016,1,43,1,3,2003,1
1042,463,34,1,4,10,2016,2,25,0,1,2011,1
460,598,42,1,31,8,2015,1,29,1,1,2007,0
155,765,13,1,9,8,2015,2,25,0,1,2014,0
1635,205,17,1,5,5,2015,1,26,1,3,2002,1
805,869,37,1,5,9,2016,1,18,1,1,2003,0
685,83,47,2,10,2,2015,1,71,1,1,1999,0
669,511,37,1,7,6,2015,2,21,1,2,2008,0
1338,826,47,1,6,12,2015,1,82,1,1,2009,1
1326,554,47,1,14,8,2015,2,29,1,1,2008,1
399,565,37,3,17,6,2016,1,63,0,1,2013,0
880,67,56,1,24,8,2016,1,19,1,1,2005,1
341,587,6,2,28,3,2016,2,30,0,1,2008,0
1372,266,1,1,26,5,2015,1,17,1,1,2006,1
1071,314,37,1,23,4,2015,1,44,0,1,1997,1
1341,98,47,1,25,2,2016,1,50,1,1,1993,1
1325,942,26,1,7,11,2016,2,19,0,1,2005,1
898,456,47,1,9,5,2016,2,32,0,2,2008,1
395,670,39,2,27,8,2016,1,23,0,3,2013,0
603,273,45,1,6,5,2015,2,24,1,1,2011,0
978,348,25,1,23,11,2016,2,17,0,1,2007,1
762,46,21,1,19,1,2016,1,70,1,1,2010,0
948,1116,13,1,7,11,2015,2,28,0,1,2005,1
1265,83,47,1,14,2,2016,1,23,1,1,2008,1
910,1129,13,1,10,11,2015,1,45,0,1,2016,1
890,350,47,2,21,5,2016,2,29,0,1,2011,1
1484,489,21,1,1,10,2015,1,26,2,2,2000,1
831,151,45,1,12,3,2016,1,35,0,1,2003,0
26,434,17,2,27,6,2016,1,38,0,4,2012,0
813,1,24,1,1,1,2015,1,50,1,1,2010,0
632,2944,48,1,31,10,2016,1,67,1,2,1997,0
1391,1213,48,1,21,5,2016,2,31,0,1,2009,1
997,128,4,1,31,3,2016,1,52,1,4,2004,1
1153,2133,48,2,12,8,2016,2,30,0,1,2012,1
504,36,30,2,12,3,2016,1,18,0,3,2011,0
24,60,21,2,10,2,2016,1,30,0,2,2006,0
756,185,26,1,9,4,2016,2,57,1,1,2001,0
369,298,20,1,4,10,2016,1,78,1,1,2004,0
501,300,35,1,11,11,2016,2,27,0,1,2013,0
1661,2075,48,1,2,8,2016,1,23,0,4,2016,1
33,439,26,1,23,7,2015,1,29,0,1,1999,0
637,1366,48,2,10,6,2015,1,24,1,3,2007,0
294,10,37,1,3,1,2015,1,40,0,1,1996,0
547,1506,12,2,8,8,2015,2,72,1,1,2002,0
1290,114,18,1,11,3,2016,2,22,0,1,1999,1
1202,187,16,2,30,12,2015,2,36,0,1,2015,1
740,811,47,1,27,10,2016,1,34,1,1,2003,0
511,911,6,1,2,4,2016,1,16,0,1,2008,0
323,23,44,1,14,6,2015,2,46,0,4,2009,0
921,241,29,1,14,5,2015,2,20,1,1,1995,1
216,4,56,1,1,1,2015,1,17,1,4,2006,0
714,276,26,3,24,5,2016,2,41,0,3,2015,0
281,31,27,2,22,2,2015,1,44,1,1,2012,0
1662,489,8,1,11,12,2015,1,36,0,1,2007,1
712,29,31,1,5,3,2015,1,71,1,1,2000,0
1551,294,39,1,20,5,2016,1,58,1,1,2004,1
1179,2596,48,1,29,10,2015,1,25,0,1,2015,1
283,1298,13,1,25,11,2016,1,41,1,1,2001,0
1026,229,39,1,17,4,2016,1,57,0,1,2004,1
1620,84,17,2,10,2,2016,1,56,0,1,2009,1
472,161,20,2,25,6,2016,1,58,1,1,2006,0
1057,41,5,1,6,2,2015,2,31,0,1,1999,1
53,2638,48,1,17,10,2016,2,26,0,1,1995,0
1208,3502,48,1,17,12,2016,1,28,1,1,2013,1
865,1404,6,1,4,7,2015,1,34,1,1,2006,1
219,657,36,1,29,9,2016,2,29,0,1,2014,0
1093,209,29,1,30,4,2015,1,38,1,1,2001,1
56,2198,6,1,5,11,2016,1,20,1,1,2002,0
775,1238,6,1,2,6,2015,1,19,1,1,1993,0
126,9,17,1,6,1,2016,1,31,1,1,2009,0
850,5,47,2,18,1,2016,2,40,1,1,1998,1
1183,109,42,1,16,2,2016,1,57,1,1,2001,1
1598,1227,48,1,7,6,2015,1,23,1,1,2002,1
1485,803,47,1,4,11,2016,1,19,1,1,1994,1
1631,1015,36,1,25,11,2015,1,23,1,1,2006,1
1520,486,13,1,21,5,2015,2,21,0,1,2004,1
1323,289,27,1,22,10,2016,1,55,0,1,2014,1
1106,557,42,1,22,5,2015,1,30,1,1,2001,1
1207,316,34,1,25,8,2015,2,27,0,1,2009,1
1226,512,4,1,24,8,2016,2,20,1,1,2013,1
1507,148,18,1,4,4,2015,1,26,0,1,2008,1
517,365,40,3,5,5,2016,1,52,0,4,2013,0
1629,721,17,1,25,5,2015,2,29,0,2,2015,1
461,687,47,2,10,10,2015,1,53,1,2,1993,0
1480,131,30,1,11,9,2016,1,66,1,2,2005,1
441,124,31,1,5,8,2015,2,45,0,1,1996,0
390,273,35,1,3,11,2015,2,25,1,1,2003,0
1447,313,47,1,24,5,2015,1,56,1,1,1988,1
474,371,48,1,25,2,2015,2,24,1,1,2003,0
823,241,32,1,13,11,2015,2,39,1,1,2014,0
1288,471,37,1,31,5,2015,1,56,1,1,2006,1
1319,165,25,1,6,8,2016,2,21,1,2,2010,1
1301,804,17,1,12,12,2015,1,25,1,1,2013,1
1267,831,1,1,12,6,2016,1,20,1,1,2008,1
282,1269,37,1,22,12,2015,1,48,0,1,1997,0
956,42,46,2,18,7,2016,1,34,0,1,2008,1
120,2887,48,1,29,10,2016,1,60,1,2,2000,0
293,943,17,1,30,12,2015,2,28,2,2,2007,0
581,3212,48,1,22,11,2015,2,34,1,1,1995,0
644,407,4,2,9,6,2016,2,51,1,2,2004,0
1561,227,47,2,21,4,2015,1,58,0,2,2008,1
386,551,26,1,28,8,2016,2,24,1,1,2003,0
1526,2569,6,1,4,12,2015,1,32,1,1,1996,1
1280,39,4,1,5,2,2016,2,23,1,1,1999,1
145,68,27,1,31,3,2016,1,34,1,1,2002,0
781,688,22,1,28,12,2016,2,25,0,1,2006,0
153,683,4,2,2,10,2016,2,60,1,6,1996,0
1073,1219,6,1,14,7,2016,1,53,0,1,2012,1
1312,426,48,1,21,2,2016,2,36,0,1,2008,1
303,1260,12,1,29,5,2016,1,23,2,2,1998,0
1034,418,5,1,10,11,2015,2,25,0,1,2002,1
1423,136,22,1,13,3,2016,2,21,1,2,2011,1
1412,1167,48,1,14,5,2016,1,19,1,3,2014,1
1247,32,17,1,20,1,2016,1,19,1,1,1998,1
263,1039,13,1,21,10,2015,2,18,1,1,2007,0
1061,109,27,1,24,5,2016,2,24,1,2,1994,1
373,357,4,2,4,6,2015,1,43,1,1,2005,0
968,2325,48,2,9,9,2016,1,22,1,1,2005,1
617,214,1,1,30,4,2015,2,17,0,2,2004,0
721,428,51,1,4,9,2015,1,23,0,3,2014,0
1355,206,47,1,9,4,2016,1,26,1,1,2002,1
776,77,41,1,2,4,2015,1,34,2,5,1997,0
1581,2262,48,1,29,8,2016,2,26,0,1,2007,1
28,194,41,1,26,8,2015,2,56,1,1,2005,0
1591,845,47,1,19,12,2015,1,20,1,1,2006,1
861,116,55,1,14,4,2016,1,44,1,1,2012,1
411,779,45,1,15,11,2015,1,32,1,1,1990,0
746,571,17,3,27,8,2015,2,43,2,5,2010,0
1600,847,39,1,17,10,2016,2,41,1,1,2011,1
688,572,17,2,7,8,2016,1,34,0,3,2002,0
569,674,37,1,3,7,2016,2,43,1,1,2009,0
1351,404,8,1,9,10,2015,1,72,1,1,2009,1
388,889,26,1,5,6,2015,1,53,1,1,2003,0
1453,47,51,1,10,2,2015,1,26,0,1,2001,1
774,582,28,1,1,12,2016,1,53,1,2,2003,0
25,722,47,2,29,10,2015,1,73,1,1,2003,0
751,17,53,1,21,1,2016,2,57,1,1,2014,0
496,218,40,1,19,5,2016,1,18,2,3,2013,0
312,111,45,1,29,2,2016,1,47,0,1,2007,0
198,497,53,1,17,12,2015,2,31,2,2,1987,0
1154,848,48,1,22,4,2015,1,45,0,1,2013,1
1165,661,17,1,20,8,2016,2,39,0,1,2015,1
1209,116,40,1,24,3,2016,2,25,1,1,2011,1
904,246,4,1,3,4,2016,1,22,1,3,2007,1
173,2372,6,1,13,11,2016,2,41,0,2,2004,0
678,440,13,1,3,5,2016,2,25,1,1,2001,0
568,14,53,1,14,1,2016,2,43,0,1,2002,0
1371,31,29,2,27,1,2016,1,22,1,1,1998,1
797,262,6,1,7,2,2015,1,53,1,1,1999,0
696,3179,48,1,1,12,2016,1,17,0,4,2008,0
1055,223,47,1,18,4,2015,1,25,1,1,1994,1
1126,932,6,2,30,4,2015,2,16,0,1,1998,1
280,574,48,1,21,3,2015,2,30,0,1,2012,0
1043,310,21,1,22,6,2016,1,60,1,1,2004,1
1416,976,48,1,13,5,2015,2,23,1,1,2003,1
934,23,10,1,8,6,2015,1,22,1,1,2003,1
1528,553,51,3,28,10,2016,1,27,1,1,2011,1
524,411,48,1,24,2,2015,1,26,1,1,2008,0
733,511,26,1,5,8,2016,2,37,0,1,1995,0
350,16,24,1,23,1,2015,2,62,1,1,2003,0
800,3135,6,4,11,4,2015,2,43,0,3,2006,0
955,2081,48,2,11,9,2015,1,21,0,1,2011,1
357,250,51,2,31,5,2016,1,48,1,1,2001,0
133,66,12,1,16,1,2015,2,54,0,1,2014,0
626,2369,48,2,6,10,2015,1,68,1,2,2013,0
614,1274,13,2,19,11,2016,1,33,1,4,1995,0
1650,20,10,2,16,3,2016,1,17,0,2,1998,1
1031,683,18,1,19,11,2016,2,22,1,1,2006,1
1098,48,22,1,31,1,2016,2,21,1,2,2013,1
1099,2567,12,1,19,12,2015,2,34,0,1,2012,1
766,873,36,1,15,12,2016,2,52,0,1,2014,0
376,31,26,1,15,1,2016,2,48,1,1,2012,0
506,2459,6,2,2,11,2016,2,40,0,1,2017,0
413,85,33,1,21,11,2015,1,18,0,1,2003,0
707,996,26,1,11,10,2016,1,36,1,2,1999,0
1059,37,30,1,30,3,2016,2,23,0,1,2014,1
407,15,16,2,10,2,2016,1,73,1,1,2002,0
345,161,18,1,17,4,2015,1,26,1,1,1998,0
1652,484,8,1,5,12,2015,2,31,0,1,2008,1
1122,104,40,1,8,3,2015,1,33,1,3,2004,1
543,116,28,1,24,2,2016,2,50,1,1,2009,0
1519,191,47,1,25,3,2016,1,33,1,1,2001,1
1424,44,41,1,1,3,2016,1,24,3,4,1992,1
310,35,51,3,31,1,2015,2,33,0,1,1992,0
87,778,4,2,28,12,2015,2,48,0,3,2013,0
1166,485,4,1,17,7,2016,2,26,0,1,2016,1
606,135,23,1,5,12,2015,1,17,2,3,2001,0
271,40,10,2,21,8,2016,2,31,1,1,2003,0
1646,756,42,1,21,8,2016,1,30,1,1,1996,1
816,1915,48,1,7,8,2015,1,66,1,1,2004,0
74,209,18,2,27,4,2016,1,80,1,1,2002,0
1426,700,4,1,1,10,2016,2,33,0,1,2015,1
1261,32,10,1,23,3,2015,2,35,1,2,1997,1
1363,353,34,1,28,9,2016,2,47,0,1,2000,1
640,673,48,1,20,3,2016,2,30,1,1,2003,0
1496,299,22,1,11,6,2016,1,22,0,1,2008,1
1009,3459,48,1,31,12,2016,2,18,1,1,2003,1
534,1769,48,2,19,7,2015,2,54,1,2,2011,0
104,1801,12,2,27,8,2016,2,69,0,1,2005,0
47,2784,12,1,24,12,2016,2,92,1,1,2005,0
540,1037,48,1,18,5,2015,2,27,0,1,2013,0
1441,134,23,2,28,11,2015,1,64,1,1,1998,1
433,34,36,2,21,1,2016,1,38,0,2,2004,0
679,625,51,1,1,12,2016,2,56,1,1,1999,0
98,654,12,1,22,4,2015,2,61,0,1,1998,0
1593,52,23,2,31,5,2016,1,35,0,1,2003,1
887,130,1,1,29,3,2016,1,32,0,1,2008,1
784,27,34,1,3,2,2015,2,25,0,1,2006,0
764,55,40,4,8,2,2015,1,20,0,1,2000,0
1036,714,48,1,6,4,2015,1,19,1,1,2001,1
515,2421,48,3,5,10,2015,2,23,1,1,1999,0
140,40,2,1,29,8,2015,1,52,1,1,2008,0
844,433,48,1,3,3,2015,1,47,1,1,2002,1
338,978,6,1,7,5,2015,2,90,1,2,2007,0
348,1521,48,1,9,7,2015,2,17,0,1,1996,0
939,584,47,1,13,9,2015,1,31,1,1,2007,1
1553,242,8,1,9,7,2016,1,47,1,1,2016,1
1161,481,26,1,22,7,2016,1,36,1,1,2013,1
1322,2994,48,1,14,12,2015,1,16,3,4,2007,1
1609,793,6,1,27,2,2016,1,23,1,4,1999,1
753,40,6,2,12,1,2015,1,58,0,1,2008,0
44,110,32,3,1,6,2016,2,70,1,1,2007,0
794,595,18,1,8,10,2015,1,77,1,1,2013,0
1012,457,22,1,31,7,2015,1,22,1,1,2010,1
403,173,28,2,4,5,2016,1,81,0,2,2012,0
958,140,6,1,25,1,2015,1,38,0,1,2006,1
777,395,17,1,6,5,2016,2,45,0,1,2002,0
790,2171,48,2,20,9,2015,2,22,0,1,2010,0
425,72,40,2,15,2,2016,1,36,0,2,2011,0
964,449,8,1,1,11,2015,1,33,1,1,2006,1
188,628,42,2,11,8,2016,1,71,1,1,2003,0
522,401,55,1,20,11,2015,1,54,1,1,2008,0
605,183,13,1,27,2,2015,2,22,0,3,2014,0
1205,348,21,1,4,5,2016,2,38,0,1,2002,1
218,126,41,1,24,5,2015,1,56,0,1,1994,0
1033,36,17,1,29,1,2015,1,36,0,1,2005,1
20,123,36,2,8,1,2015,2,51,0,4,2007,0
2,88,25,1,23,3,2016,2,37,0,2,2006,0
1266,52,51,1,18,2,2016,1,34,1,1,1989,1
795,836,47,2,15,11,2016,2,22,0,1,2002,0
1248,950,47,1,20,12,2016,1,48,1,1,1994,1
972,3,4,1,3,1,2015,2,23,0,1,2013,1
1546,952,47,1,17,12,2016,1,30,1,1,1996,1
833,274,18,1,24,5,2015,1,54,1,1,2007,1
1030,1006,39,2,16,12,2015,2,25,1,1,2008,1
869,186,39,2,19,3,2015,2,24,0,1,2006,1
176,135,41,1,15,5,2016,1,30,1,1,1997,0
1397,85,29,1,1,3,2015,2,25,1,1,2006,1
182,2314,6,1,15,12,2016,1,53,1,1,1986,0
81,277,21,1,4,6,2016,2,32,1,1,2005,0
1560,3156,48,1,24,11,2016,1,24,1,3,2000,1
1236,146,4,1,19,2,2016,1,22,2,4,2005,1
1499,48,47,1,4,2,2016,2,56,1,1,2005,1
938,412,8,1,29,9,2016,1,19,1,1,2004,1
1575,213,17,1,9,4,2016,2,20,1,1,1997,1
1277,275,40,1,4,7,2015,1,32,1,4,2004,1
684,1,48,3,1,1,2016,2,22,0,2,2001,0
498,394,36,1,3,7,2016,2,27,1,1,2008,0
1389,2510,6,1,12,9,2015,1,26,0,1,2005,1
447,588,47,1,7,9,2015,1,45,1,1,2006,0
980,1153,13,1,21,10,2016,2,31,1,2,2010,1
308,117,53,2,18,4,2016,1,22,0,3,2015,0
895,502,48,1,29,2,2016,1,57,1,4,2001,1
561,59,46,1,2,8,2015,1,73,1,2,1959,0
278,155,34,1,24,5,2015,2,22,1,1,1994,0
658,211,28,3,17,5,2015,2,71,0,2,2010,0
1392,676,51,1,14,12,2016,2,30,0,1,2001,1
465,86,9,1,30,5,2015,2,47,1,3,2014,0
919,2762,6,1,23,9,2015,2,33,0,1,2012,1
1088,109,47,1,25,2,2016,2,24,0,1,2002,1
487,618,17,2,27,8,2016,2,57,0,1,2013,0
1206,512,48,1,26,2,2016,2,32,0,1,2015,1
984,311,5,1,24,8,2015,1,25,1,2,9999,1
250,336,22,1,15,7,2015,2,30,1,1,2000,0
172,607,13,1,26,6,2016,2,34,1,1,2005,0
478,232,1,1,23,4,2016,1,30,1,1,1997,0
1013,585,51,1,3,10,2016,1,51,0,1,1999,1
564,2341,48,1,9,10,2015,2,70,1,3,2005,0
1224,163,4,2,18,3,2015,2,26,0,1,2015,1
550,50,16,1,29,5,2015,2,34,1,4,2009,0
630,51,15,1,3,8,2015,2,25,0,1,2006,0
1368,114,32,1,7,6,2016,1,58,1,1,2000,1
4,186,6,2,29,2,2016,1,31,0,1,2010,0
525,309,19,1,9,11,2016,1,30,0,1,2004,0
1399,28,47,1,21,1,2015,1,22,1,3,2002,1
817,226,9,1,5,5,2015,2,85,1,1,2014,0
1465,50,2,1,14,10,2015,1,16,0,1,2004,1
63,910,13,2,1,9,2016,1,26,0,1,2009,0
1005,705,39,1,27,7,2015,2,23,1,1,2002,1
1156,120,23,1,29,9,2015,1,37,1,1,2004,1
664,224,45,1,21,4,2016,1,19,1,2,2003,0
1315,58,35,1,30,3,2015,1,27,1,1,2006,1
618,139,19,1,20,6,2016,1,63,1,1,2006,0
1414,291,51,1,18,6,2016,1,28,1,1,1999,1
245,425,42,2,30,6,2016,2,54,0,1,2005,0
1444,2896,48,1,4,11,2016,1,18,1,1,2004,1
1177,227,47,1,21,4,2015,1,33,0,1,1997,1
1212,2392,48,2,8,9,2016,1,27,0,1,2010,1
950,211,12,1,30,1,2015,2,77,0,2,2010,1
141,408,5,4,17,12,2016,2,51,0,1,2013,0
928,572,42,1,16,7,2015,1,23,0,1,2002,1
236,402,12,1,17,3,2015,2,59,0,1,2001,0
701,545,29,1,24,7,2016,2,40,1,1,1999,0
382,1983,48,1,3,8,2016,1,48,1,1,1994,0
1335,1533,12,1,14,7,2015,1,78,1,1,2008,1
238,544,18,1,26,9,2016,1,57,2,2,1978,0
1443,158,47,1,21,3,2016,2,28,1,1,2000,1
370,270,20,2,26,9,2016,1,51,1,3,2009,0
969,419,47,2,20,6,2016,1,35,1,2,2008,1
1041,277,29,1,28,5,2016,1,22,1,1,2002,1
787,2208,48,1,5,8,2015,1,23,1,1,2005,0
372,521,13,2,23,5,2016,1,28,0,1,2011,0
1284,231,36,1,2,5,2016,1,31,1,1,2013,1
444,1886,48,1,6,8,2015,2,74,1,1,1999,0
206,340,4,3,5,5,2016,2,29,0,1,2001,0
1084,690,48,1,24,3,2016,2,18,1,1,2005,1
503,346,21,1,26,7,2015,1,53,0,1,2007,0
878,82,55,1,25,3,2015,1,18,1,1,1995,1
1476,230,22,1,11,5,2015,1,28,1,1,2005,1
674,52,33,1,16,8,2015,1,70,1,3,2012,0
1053,575,51,1,5,11,2015,2,18,2,2,2003,1
1018,879,47,2,22,12,2015,2,60,1,1,2007,1
402,1587,48,1,16,7,2015,2,61,1,1,2006,0
423,439,4,1,15,7,2015,2,41,1,1,1998,0
1340,252,55,1,23,7,2015,1,23,0,1,2003,1
1095,833,47,1,7,12,2015,1,21,0,1,1994,1
456,947,12,1,28,2,2016,2,23,1,1,1995,0
1491,739,29,1,4,11,2016,1,16,1,1,2003,1
940,1854,48,2,3,8,2015,1,23,1,3,2004,1
1330,70,16,1,13,6,2015,1,18,1,3,2004,1
1294,605,47,1,24,8,2016,2,41,0,1,2002,1
1233,425,4,1,1,7,2015,1,31,0,1,2008,1
296,2488,6,1,8,12,2015,2,58,0,2,1993,0
1089,8,49,1,18,1,2015,1,17,0,1,2004,1
1074,881,17,1,6,11,2016,2,32,1,1,2002,1
1494,904,47,1,7,12,2016,2,33,1,3,2000,1
272,621,51,2,1,12,2015,1,39,0,1,2008,0
1586,571,13,1,14,6,2015,2,55,0,1,2008,1
200,1879,48,1,23,7,2016,2,29,1,2,2006,0
769,228,36,1,30,4,2016,1,16,1,2,2003,0
884,158,8,1,5,5,2015,1,48,1,1,2010,1
1460,538,37,1,9,6,2015,2,29,1,2,2002,1
1244,2475,6,1,23,8,2016,2,24,1,2,2003,1
1214,657,47,1,3,7,2016,1,64,1,1,1995,1
225,66,23,1,2,8,2015,1,30,1,1,2001,0
360,343,8,1,6,9,2015,1,24,0,1,2013,0
649,2,46,1,12,1,2016,2,17,1,1,1998,0
944,481,5,1,18,12,2016,2,43,1,1,2012,1
931,213,26,1,18,4,2016,2,30,1,1,2000,1
449,1109,37,1,11,11,2016,2,38,1,1,2003,0
533,1774,6,4,6,2,2015,2,47,0,2,2013,0
731,962,6,1,21,5,2015,2,40,0,2,2000,0
1194,166,53,1,14,6,2015,1,22,1,1,2005,1
235,252,13,2,17,3,2015,2,46,0,2,2004,0
10,90,48,1,11,1,2015,1,27,1,2,2015,0
1549,333,20,1,25,9,2016,1,33,0,1,2014,1
116,41,1,3,28,1,2016,2,48,0,2,1999,0
17,467,12,2,13,1,2016,2,31,0,2,2013,0
981,10,27,1,17,1,2016,1,47,1,1,2002,1
575,272,22,1,20,5,2016,2,27,1,3,2008,0
612,3125,48,1,27,12,2015,1,35,0,1,2007,0
132,210,24,4,3,7,2015,1,41,0,3,2008,0
1299,50,56,1,3,8,2016,2,31,1,1,2016,1
1210,666,42,1,28,8,2015,2,31,1,1,2006,1
548,3582,6,2,23,12,2016,2,43,0,1,2007,0
1168,207,17,1,23,4,2015,2,17,0,1,2007,1
1187,2198,48,2,25,8,2016,2,21,1,1,2006,1
1116,868,47,1,17,12,2015,1,31,1,2,1990,1
965,224,48,1,31,1,2016,1,36,0,1,2004,1
788,45,40,1,13,2,2015,1,22,1,1,2008,0
760,3001,48,1,15,12,2015,1,74,1,2,2007,0
1094,492,8,1,1,11,2016,2,26,1,1,1997,1
64,421,55,1,21,11,2015,2,15,1,4,2002,0
321,1484,6,2,29,7,2015,2,38,1,1,2000,0
167,358,21,2,7,7,2016,1,40,1,1,1997,0
979,1510,6,1,19,7,2016,2,27,1,1,2006,1
256,211,39,1,31,3,2015,2,51,1,1,2007,0
264,415,55,2,14,10,2016,1,46,1,1,2011,0
922,490,8,1,17,8,2016,2,27,0,1,2004,1
1637,3521,48,1,30,12,2016,1,17,1,5,2003,1
1592,2852,48,1,30,11,2015,1,18,1,1,2003,1
1419,984,47,1,1,11,2016,2,35,0,1,2000,1
1087,180,16,1,10,10,2016,1,32,1,1,2001,1
1281,170,8,1,14,5,2015,2,42,1,1,2006,1
741,367,51,1,26,7,2015,2,45,1,2,1996,0
713,1311,48,2,2,6,2015,2,19,0,2,2014,0
803,301,34,1,19,10,2015,2,25,1,1,2001,0
1104,6,47,2,21,1,2016,2,30,1,1,2006,1
13,1,18,1,1,1,2015,2,73,1,1,1999,0
410,20,50,2,12,7,2015,2,74,1,2,2009,0
1162,236,47,1,25,4,2015,1,18,1,2,2006,1
1077,248,51,2,2,5,2016,1,39,1,1,2006,1
556,118,22,2,8,3,2016,2,60,0,1,2014,0
268,12,45,1,8,1,2016,1,86,1,2,2010,0
125,255,9,1,7,8,2016,2,58,1,1,2003,0
736,75,56,1,29,7,2015,1,28,1,5,2002,0
518,428,47,1,11,7,2015,1,27,1,1,2015,0
1482,789,17,1,15,6,2016,2,41,0,1,2004,1
854,175,47,1,29,3,2016,2,22,1,1,2004,1
1376,678,47,2,10,10,2015,2,29,1,1,1994,1
1344,148,12,1,29,1,2015,2,19,0,1,2003,1
749,1956,6,3,20,12,2015,1,40,0,2,2012,0
747,2760,12,2,3,10,2016,2,43,0,1,2002,0
406,2269,48,1,2,9,2016,1,26,1,4,2001,0
557,2930,48,2,2,11,2016,2,27,1,1,2007,0
1434,2211,12,1,9,11,2015,1,19,0,1,2004,1
1370,527,4,2,21,8,2015,2,17,1,4,2000,1
909,65,53,1,13,3,2016,1,56,1,1,2005,1
1300,51,34,1,15,2,2016,2,24,1,1,2014,1
598,804,26,1,14,10,2016,2,39,1,1,2003,0
867,386,4,1,22,6,2015,2,17,0,1,1998,1
579,879,6,2,10,3,2016,2,28,0,1,2016,0
842,864,47,1,24,12,2015,1,81,1,1,2003,1
1362,2174,48,2,19,8,2016,1,23,0,1,2013,1
583,81,27,1,7,4,2016,1,72,1,2,2000,0
1516,2078,48,1,5,8,2016,1,27,1,1,2001,1
445,106,6,2,22,1,2015,2,25,2,2,2000,0
1430,1396,12,2,2,7,2016,2,23,1,1,1995,1
1606,2254,48,1,30,9,2015,2,26,0,1,2008,1
1477,2842,48,1,1,11,2016,2,28,1,1,2006,1
384,221,27,1,20,8,2015,1,35,1,1,2009,0
1060,428,42,1,15,6,2015,1,16,0,1,2008,1
521,91,35,3,22,5,2015,2,44,0,1,2014,0
951,142,30,2,1,10,2016,1,33,1,1,2000,1
22,396,34,1,30,10,2016,2,26,0,1,2014,0
623,924,13,2,4,9,2016,2,21,0,1,2015,0
408,511,53,1,13,12,2016,1,23,2,3,2002,0
290,645,45,2,7,10,2015,1,26,0,2,2007,0
1310,2426,6,2,13,10,2015,1,23,0,1,2014,1
1601,92,4,1,12,2,2016,1,30,1,1,2009,1
398,970,13,1,13,9,2016,2,35,0,1,1974,0
254,515,51,1,5,10,2016,2,26,1,1,2011,0
34,384,4,3,22,6,2015,2,34,0,1,2007,0
992,407,47,1,10,7,2015,1,17,1,1,2007,1
1439,277,25,1,29,10,2015,2,20,1,1,2015,1
892,159,51,1,12,4,2016,1,22,1,3,2012,1
1158,114,29,1,8,2,2016,2,43,1,1,1999,1
1638,415,39,1,18,6,2015,1,36,1,1,2013,1
477,40,15,1,27,2,2016,2,24,1,2,1997,0
418,42,49,1,31,3,2015,1,32,2,2,2001,0
1180,324,37,1,21,4,2016,2,41,0,1,2008,1
983,506,8,1,13,11,2016,2,51,0,1,2016,1
211,3153,6,2,7,6,2016,2,28,0,1,2011,0
1489,168,4,1,2,4,2016,2,46,0,1,2012,1
565,773,4,1,12,11,2016,2,19,0,1,2001,0
142,632,45,1,10,9,2016,1,24,0,2,2015,0
946,2183,48,2,24,9,2015,1,49,1,2,2003,1
772,2576,12,2,26,12,2015,1,33,0,2,2012,0
1427,572,18,1,5,10,2015,2,19,0,1,2010,1
1602,3278,48,1,12,12,2016,2,54,0,3,2010,1
818,6,42,1,10,1,2015,1,17,2,4,2002,0
1436,89,21,1,27,2,2016,1,32,0,1,2011,1
629,35,5,2,1,2,2015,2,58,0,1,1999,0
1367,466,47,1,4,7,2016,2,20,1,1,2016,1
1339,1223,13,1,8,11,2016,2,20,1,1,2002,1
43,394,1,1,18,7,2015,1,29,1,1,2014,0
610,651,39,1,19,8,2016,2,52,0,3,2011,0
935,2305,48,1,12,9,2016,1,25,1,1,2009,1
1149,330,51,1,14,7,2015,1,57,1,2,2006,1
761,207,54,2,13,10,2016,2,64,2,2,2008,0
1029,568,22,1,21,10,2016,2,51,1,1,2013,1
1569,555,1,1,9,9,2016,1,33,1,1,2001,1
67,203,45,1,10,4,2015,1,50,0,1,2015,0
217,164,19,1,17,8,2015,1,70,1,2,2004,0
512,1438,48,1,11,2,2016,1,28,1,1,2013,0
340,238,24,1,9,8,2016,2,25,0,1,2014,0
61,192,42,1,7,4,2015,1,81,1,1,2010,0
625,596,12,1,16,3,2016,2,59,1,1,1997,0
659,682,26,4,18,10,2015,1,27,0,4,2005,0
500,200,4,2,3,3,2016,2,46,1,2,2012,0
78,2250,12,2,1,9,2016,2,58,0,1,1996,0
1589,336,47,1,11,6,2015,1,55,0,4,2006,1
1109,2397,48,1,15,10,2015,2,31,0,1,1992,1
202,48,50,1,5,12,2015,1,30,0,1,2003,0
1037,2581,48,1,10,10,2016,2,29,1,1,2008,1
926,177,48,1,22,1,2016,2,24,1,1,1998,1
480,422,17,1,14,6,2016,1,39,1,1,2011,0
1452,542,21,1,25,10,2015,1,20,1,1,2003,1
1065,627,47,1,28,8,2016,1,17,1,4,2003,1
1532,132,8,1,3,5,2016,1,24,1,2,1999,1
1318,194,48,1,23,1,2015,1,46,0,1,2013,1
96,230,25,1,22,8,2015,1,39,1,1,2015,0
1237,3099,6,1,23,9,2015,2,23,0,1,2015,1
1555,283,53,1,8,8,2015,1,20,0,1,2002,1
117,985,1,2,20,10,2016,2,19,1,2,2005,0
1622,419,17,1,18,7,2015,2,21,0,3,2005,1
55,855,37,1,16,9,2015,2,29,1,1,2001,0
1117,98,8,1,8,4,2016,1,51,1,1,2002,1
144,490,51,1,28,9,2015,2,36,1,1,2010,0
885,1852,48,3,1,8,2015,2,24,0,1,2009,1
82,363,48,1,22,2,2015,2,27,0,2,2004,0
285,300,28,2,22,7,2015,1,35,0,1,2014,0
999,863,12,1,21,4,2016,2,28,0,1,2009,1
419,716,18,1,3,11,2016,1,22,0,1,2007,0
1336,699,1,1,29,12,2015,1,18,1,1,2006,1
221,25,30,1,10,4,2015,1,84,1,1,2014,0
75,1190,6,4,19,7,2015,1,30,0,1,2014,0
1405,2966,6,2,13,5,2015,2,59,0,1,2005,1
3,2431,12,2,17,11,2015,2,53,0,2,2012,0
328,220,12,2,16,2,2015,2,68,0,1,2003,0
158,558,37,2,10,6,2016,1,67,0,2,2016,0
378,27,23,1,24,3,2016,1,25,1,1,2002,0
916,484,40,1,29,10,2016,1,19,1,1,2012,1
1218,4,19,1,14,1,2016,1,18,2,2,2003,1
175,537,47,1,24,8,2015,2,65,0,1,2002,0
1297,278,22,1,24,5,2016,1,35,1,1,2005,1
1343,202,29,1,20,3,2015,2,37,0,1,2003,1
58,514,13,1,29,5,2015,2,65,0,1,2010,0
440,542,51,3,22,10,2015,2,48,0,1,1998,0
222,19,49,1,14,2,2015,2,53,1,1,2009,0
532,413,4,2,19,6,2015,2,40,0,1,2002,0
792,2,20,2,5,1,2016,1,39,0,1,2003,0
1515,46,47,1,29,1,2016,1,27,1,1,2011,1
1159,934,37,2,22,9,2015,1,48,0,1,2011,1
277,14,37,2,4,1,2016,2,67,0,1,1999,0
690,384,48,1,21,2,2016,2,20,0,1,2006,0
185,658,37,1,1,7,2015,1,42,1,1,1997,0
191,265,1,1,13,5,2016,1,54,0,1,2008,0
894,53,56,1,3,8,2016,1,40,1,2,2012,1
246,546,37,2,26,4,2016,1,38,1,2,2008,0
405,153,24,1,26,5,2015,1,57,1,1,1997,0
